frame,ID,X,Y,Class,Color,Position,X_court,Y_court
3,1,734,334,Player,red,Defense,2.143895401731613,5.602615491814142
3,2,450,534,Player,red,Defense,-0.052951918808117115,15.309332793597143
3,3,550,184,Player,red,Defense,-1.569031334652762,-6.813933698459277
3,4,838,159,Player,red,Defense,2.9241274021189794,-8.89705970145663
3,5,404,105,Player,red,Defense,-5.23384907108973,-16.20783514441067
3,6,1080,316,Player,red,Defense,6.652271731666734,5.057288211466541
3,7,865,104,Player,red,Defense,3.1735836230128016,-15.509570134631867
3,8,132,113,Player,red,Defense,-9.834416093481725,-15.642634459194197
3,9,1050,276,Player,red,Defense,6.306199965417532,2.148386267844802
3,11,1067,194,Player,red,Defense,6.714836965064313,-4.846181570421448
3,12,157,107,Player,red,Defense,-9.565801362755389,-16.378163260616866
4,1,734,334,Player,red,Defense,2.143895401731613,5.602615491814142
4,2,444,514,Player,red,Defense,-0.22871203767868126,14.47360262181996
4,3,550,184,Player,red,Defense,-1.569031334652762,-6.813933698459277
4,4,826,161,Player,red,Defense,2.7316166619400897,-8.701416688877597
4,5,404,104,Player,red,Defense,-5.253815791270954,-16.340826279375666
4,6,1080,316,Player,red,Defense,6.652271731666734,5.057288211466541
4,7,865,104,Player,red,Defense,3.1735836230128016,-15.509570134631867
4,8,132,126,Player,red,Defense,-9.479967025862118,-14.012355839801565
4,9,1050,275,Player,red,Defense,6.3076572524116115,2.072806332494146
4,10,1246,379,Player,red,Defense,8.596878084093944,9.26701294432592
4,11,1066,195,Player,red,Defense,6.696462722794077,-4.750953852728331
4,12,156,105,Player,red,Defense,-9.639121045737115,-16.64357278843605
4,14,20,187,Player,red,Defense,-9.72345022882025,-7.48313692428498
4,0,438,378,Ball,blue,Ball,-1.2400242121118352,7.753144123102776
4,0,458,255,Ball,blue,Ball,-2.1458330335231985,-0.5967952760718253
5,1,734,334,Player,red,Defense,2.143895401731613,5.602615491814142
5,2,448,514,Player,red,Defense,-0.1878058416705846,14.480217627856767
5,3,550,184,Player,red,Defense,-1.569031334652762,-6.813933698459277
5,4,826,161,Player,red,Defense,2.7316166619400897,-8.701416688877597
5,5,404,104,Player,red,Defense,-5.253815791270954,-16.340826279375666
5,6,1080,316,Player,red,Defense,6.652271731666734,5.057288211466541
5,7,865,104,Player,red,Defense,3.1735836230128016,-15.509570134631867
5,8,132,129,Player,red,Defense,-9.400515158596205,-13.646919188086482
5,9,1050,275,Player,red,Defense,6.3076572524116115,2.072806332494146
5,10,1246,379,Player,red,Defense,8.596878084093944,9.26701294432592
5,11,1066,195,Player,red,Defense,6.696462722794077,-4.750953852728331
5,12,156,105,Player,red,Defense,-9.639121045737115,-16.64357278843605
5,14,20,187,Player,red,Defense,-9.72345022882025,-7.48313692428498
5,0,460,255,Ball,blue,Ball,-2.1176697314311297,-0.5931092186380247
6,1,734,334,Player,red,Defense,2.143895401731613,5.602615491814142
6,2,451,510,Player,red,Defense,-0.18054647347512162,14.315773017444858
6,3,550,184,Player,red,Defense,-1.569031334652762,-6.813933698459277
6,4,825,161,Player,red,Defense,2.714892574989076,-8.70330323699285
6,5,404,104,Player,red,Defense,-5.253815791270954,-16.340826279375666
6,6,1080,316,Player,red,Defense,6.652271731666734,5.057288211466541
6,7,865,104,Player,red,Defense,3.1735836230128016,-15.509570134631867
6,8,132,130,Player,red,Defense,-9.374220604942158,-13.525978120540305
6,9,1050,275,Player,red,Defense,6.3076572524116115,2.072806332494146
6,11,1066,194,Player,red,Defense,6.698761368740865,-4.848107248641995
6,12,156,105,Player,red,Defense,-9.639121045737115,-16.64357278843605
6,14,20,187,Player,red,Defense,-9.72345022882025,-7.48313692428498
6,0,461,256,Ball,blue,Ball,-2.092669752211096,-0.5108416135913963
7,1,734,334,Player,red,Defense,2.143895401731613,5.602615491814142
7,2,452,491,Player,red,Defense,-0.2841312292222844,13.49251569737656
7,3,552,184,Player,red,Defense,-1.53743921481702,-6.810213600922064
7,4,820,160,Player,red,Defense,2.6266418503994236,-8.821681253973452
7,5,404,104,Player,red,Defense,-5.253815791270954,-16.340826279375666
7,6,1080,316,Player,red,Defense,6.652271731666734,5.057288211466541
7,7,864,104,Player,red,Defense,3.1549797600448577,-15.511405169931354
7,8,132,127,Player,red,Defense,-9.453387858370496,-13.890105698832498
7,9,1050,276,Player,red,Defense,6.306199965417532,2.148386267844802
7,11,1066,194,Player,red,Defense,6.698761368740865,-4.848107248641995
7,12,156,105,Player,red,Defense,-9.639121045737115,-16.64357278843605
7,14,20,187,Player,red,Defense,-9.72345022882025,-7.48313692428498
7,0,554,256,Ball,blue,Ball,-0.7812398888845304,-0.3389832435521336
8,1,734,334,Player,red,Defense,2.143895401731613,5.602615491814142
8,2,448,489,Player,red,Defense,-0.33841375955701464,13.396980173986885
8,3,552,185,Player,red,Defense,-1.5261445862044116,-6.709861649744487
8,4,818,161,Player,red,Defense,2.597856343733386,-8.716505421491089
8,5,404,104,Player,red,Defense,-5.253815791270954,-16.340826279375666
8,6,1080,316,Player,red,Defense,6.652271731666734,5.057288211466541
8,7,864,104,Player,red,Defense,3.1549797600448577,-15.511405169931354
8,8,132,127,Player,red,Defense,-9.453387858370496,-13.890105698832498
8,9,1050,276,Player,red,Defense,6.306199965417532,2.148386267844802
8,11,1066,194,Player,red,Defense,6.698761368740865,-4.848107248641995
8,12,156,105,Player,red,Defense,-9.639121045737115,-16.64357278843605
8,14,20,187,Player,red,Defense,-9.72345022882025,-7.48313692428498
9,1,734,335,Player,red,Defense,2.148099194863852,5.666943323027783
9,2,442,489,Player,red,Defense,-0.40143236724003056,13.386928188020125
9,3,552,185,Player,red,Defense,-1.5261445862044116,-6.709861649744487
9,4,816,161,Player,red,Defense,2.5644278239417893,-8.720276300654373
9,5,404,104,Player,red,Defense,-5.253815791270954,-16.340826279375666
9,6,1080,316,Player,red,Defense,6.652271731666734,5.057288211466541
9,7,864,104,Player,red,Defense,3.1549797600448577,-15.511405169931354
9,8,132,126,Player,red,Defense,-9.479967025862118,-14.012355839801565
9,9,1050,275,Player,red,Defense,6.3076572524116115,2.072806332494146
9,11,1066,194,Player,red,Defense,6.698761368740865,-4.848107248641995
9,12,156,105,Player,red,Defense,-9.639121045737115,-16.64357278843605
9,14,20,187,Player,red,Defense,-9.72345022882025,-7.48313692428498
10,1,734,334,Player,red,Defense,2.143895401731613,5.602615491814142
10,2,438,495,Player,red,Defense,-0.40586334234506577,13.645637854372088
10,3,552,185,Player,red,Defense,-1.5261445862044116,-6.709861649744487
10,4,814,161,Player,red,Defense,2.5310039261362585,-8.72404665843798
10,5,404,104,Player,red,Defense,-5.253815791270954,-16.340826279375666
10,6,1080,316,Player,red,Defense,6.652271731666734,5.057288211466541
10,7,864,104,Player,red,Defense,3.1549797600448577,-15.511405169931354
10,8,132,119,Player,red,Defense,-9.668735747123936,-14.88059231831729
10,9,1050,276,Player,red,Defense,6.306199965417532,2.148386267844802
10,11,1066,196,Player,red,Defense,6.694171654413369,-4.654120726353539
10,12,156,105,Player,red,Defense,-9.639121045737115,-16.64357278843605
10,14,20,188,Player,red,Defense,-9.699190794301517,-7.383902575383266
10,0,482,463,Ball,blue,Ball,-0.13627442169023465,12.263340213692926
11,1,734,334,Player,red,Defense,2.143895401731613,5.602615491814142
11,2,436,499,Player,red,Defense,-0.4018606484515214,13.8173266917741
11,3,552,185,Player,red,Defense,-1.5261445862044116,-6.709861649744487
11,4,814,161,Player,red,Defense,2.5310039261362585,-8.72404665843798
11,5,405,104,Player,red,Defense,-5.235852666656793,-16.339054444794165
11,6,1080,316,Player,red,Defense,6.652271731666734,5.057288211466541
11,7,864,104,Player,red,Defense,3.1549797600448577,-15.511405169931354
11,8,132,116,Player,red,Defense,-9.751120184464034,-15.259517244451926
11,9,1050,276,Player,red,Defense,6.306199965417532,2.148386267844802
11,11,1066,196,Player,red,Defense,6.694171654413369,-4.654120726353539
11,12,156,105,Player,red,Defense,-9.639121045737115,-16.64357278843605
11,14,20,188,Player,red,Defense,-9.699190794301517,-7.383902575383266
12,1,734,334,Player,red,Defense,2.143895401731613,5.602615491814142
12,2,440,500,Player,red,Defense,-0.35417276999740116,13.867507965038179
12,3,552,185,Player,red,Defense,-1.5261445862044116,-6.709861649744487
12,4,814,161,Player,red,Defense,2.5310039261362585,-8.72404665843798
12,5,405,104,Player,red,Defense,-5.235852666656793,-16.339054444794165
12,6,1080,316,Player,red,Defense,6.652271731666734,5.057288211466541
12,7,864,104,Player,red,Defense,3.1549797600448577,-15.511405169931354
12,8,132,115,Player,red,Defense,-9.778783468606418,-15.386753749776627
12,9,1050,276,Player,red,Defense,6.306199965417532,2.148386267844802
12,11,1066,197,Player,red,Defense,6.691888126190836,-4.557606288454168
12,14,20,188,Player,red,Defense,-9.699190794301517,-7.383902575383266
12,0,667,232,Ball,blue,Ball,0.6564994560040892,-2.1254053572156235
13,1,734,333,Player,red,Defense,2.1396804032076027,5.538116191993998
13,2,446,501,Player,red,Defense,-0.28584327330690484,13.920919193893686
13,3,552,184,Player,red,Defense,-1.53743921481702,-6.810213600922064
13,4,814,161,Player,red,Defense,2.5310039261362585,-8.72404665843798
13,5,405,104,Player,red,Defense,-5.235852666656793,-16.339054444794165
13,6,1080,316,Player,red,Defense,6.652271731666734,5.057288211466541
13,7,864,104,Player,red,Defense,3.1549797600448577,-15.511405169931354
13,8,132,115,Player,red,Defense,-9.778783468606418,-15.386753749776627
13,9,1050,276,Player,red,Defense,6.306199965417532,2.148386267844802
13,11,1066,197,Player,red,Defense,6.691888126190836,-4.557606288454168
13,14,20,188,Player,red,Defense,-9.699190794301517,-7.383902575383266
14,1,732,332,Player,red,Defense,2.109753190587817,5.4697877955727705
14,2,454,501,Player,red,Defense,-0.20287898417347025,13.93424167331425
14,3,552,184,Player,red,Defense,-1.53743921481702,-6.810213600922064
14,4,814,161,Player,red,Defense,2.5310039261362585,-8.72404665843798
14,5,405,104,Player,red,Defense,-5.235852666656793,-16.339054444794165
14,6,1080,316,Player,red,Defense,6.652271731666734,5.057288211466541
14,7,864,104,Player,red,Defense,3.1549797600448577,-15.511405169931354
14,8,132,116,Player,red,Defense,-9.751120184464034,-15.259517244451926
14,9,1050,276,Player,red,Defense,6.306199965417532,2.148386267844802
14,11,1066,197,Player,red,Defense,6.691888126190836,-4.557606288454168
14,14,20,188,Player,red,Defense,-9.699190794301517,-7.383902575383266
15,1,729,331,Player,red,Defense,2.0668840481824806,5.399455234150968
15,2,460,502,Player,red,Defense,-0.13474678540449497,13.987547735010226
15,3,553,185,Player,red,Defense,-1.510372664966444,-6.70800118555479
15,4,813,161,Player,red,Defense,2.5142937101787206,-8.725931641846193
15,5,405,104,Player,red,Defense,-5.235852666656793,-16.339054444794165
15,6,1080,316,Player,red,Defense,6.652271731666734,5.057288211466541
15,7,864,104,Player,red,Defense,3.1549797600448577,-15.511405169931354
15,8,132,117,Player,red,Defense,-9.723558172227943,-15.13274653644105
15,9,1050,276,Player,red,Defense,6.306199965417532,2.148386267844802
15,11,1066,197,Player,red,Defense,6.691888126190836,-4.557606288454168
15,14,20,188,Player,red,Defense,-9.699190794301517,-7.383902575383266
15,0,708,217,Ball,blue,Ball,1.1666396258435778,-3.3727808329166185
16,1,727,330,Player,red,Defense,2.0367872397184614,5.330775005941528
16,2,463,501,Player,red,Defense,-0.10950991600208021,13.949234961417154
16,3,553,185,Player,red,Defense,-1.510372664966444,-6.70800118555479
16,4,812,161,Player,red,Defense,2.4975846493582714,-8.72781649495003
16,5,405,104,Player,red,Defense,-5.235852666656793,-16.339054444794165
16,6,1080,316,Player,red,Defense,6.652271731666734,5.057288211466541
16,7,864,104,Player,red,Defense,3.1549797600448577,-15.511405169931354
16,8,132,115,Player,red,Defense,-9.778783468606418,-15.386753749776627
16,9,1050,276,Player,red,Defense,6.306199965417532,2.148386267844802
16,11,1066,197,Player,red,Defense,6.691888126190836,-4.557606288454168
16,14,20,188,Player,red,Defense,-9.699190794301517,-7.383902575383266
16,0,718,194,Ball,blue,Ball,1.1680889690883018,-5.510620487385806
17,1,724,331,Player,red,Defense,2.0025686196286867,5.39031246706178
17,2,464,500,Player,red,Defense,-0.10499181486743464,13.907499659137331
17,3,553,185,Player,red,Defense,-1.510372664966444,-6.70800118555479
17,4,814,161,Player,red,Defense,2.5310039261362585,-8.72404665843798
17,5,405,104,Player,red,Defense,-5.235852666656793,-16.339054444794165
17,6,1080,316,Player,red,Defense,6.652271731666734,5.057288211466541
17,7,864,104,Player,red,Defense,3.1549797600448577,-15.511405169931354
17,8,132,114,Player,red,Defense,-9.806548583841908,-15.51445862437928
17,9,1050,276,Player,red,Defense,6.306199965417532,2.148386267844802
17,11,1066,197,Player,red,Defense,6.691888126190836,-4.557606288454168
17,14,20,188,Player,red,Defense,-9.699190794301517,-7.383902575383266
18,1,723,331,Player,red,Defense,1.9897075893426044,5.388484205833072
18,2,462,496,Player,red,Defense,-0.14941764497484852,13.729607312292387
18,3,553,184,Player,red,Defense,-1.5216415932392915,-6.808353368261809
18,4,814,161,Player,red,Defense,2.5310039261362585,-8.72404665843798
18,5,405,104,Player,red,Defense,-5.235852666656793,-16.339054444794165
18,6,1080,316,Player,red,Defense,6.652271731666734,5.057288211466541
18,7,864,104,Player,red,Defense,3.1549797600448577,-15.511405169931354
18,8,132,113,Player,red,Defense,-9.834416093481725,-15.642634459194197
18,9,1050,276,Player,red,Defense,6.306199965417532,2.148386267844802
18,11,1066,196,Player,red,Defense,6.694171654413369,-4.654120726353539
18,14,20,188,Player,red,Defense,-9.699190794301517,-7.383902575383266
18,0,736,161,Ball,blue,Ball,1.2310668697932308,-8.870685085443052
19,1,722,330,Player,red,Defense,1.9723932199858694,5.321629653729887
19,2,462,489,Player,red,Defense,-0.19130603987694883,13.420445064567508
19,3,554,185,Player,red,Defense,-1.494599705894307,-6.706140598941624
19,4,814,161,Player,red,Defense,2.5310039261362585,-8.72404665843798
19,5,405,104,Player,red,Defense,-5.235852666656793,-16.339054444794165
19,6,1080,316,Player,red,Defense,6.652271731666734,5.057288211466541
19,7,864,104,Player,red,Defense,3.1549797600448577,-15.511405169931354
19,8,132,113,Player,red,Defense,-9.834416093481725,-15.642634459194197
19,9,1050,276,Player,red,Defense,6.306199965417532,2.148386267844802
19,11,1066,196,Player,red,Defense,6.694171654413369,-4.654120726353539
19,14,20,187,Player,red,Defense,-9.72345022882025,-7.48313692428498
19,0,743,148,Ball,blue,Ball,1.2563714870115998,-10.303429688158866
20,1,722,330,Player,red,Defense,1.9723932199858694,5.321629653729887
20,2,464,483,Player,red,Defense,-0.2065653034181693,13.155009062125293
20,3,554,185,Player,red,Defense,-1.494599705894307,-6.706140598941624
20,4,814,162,Player,red,Defense,2.535808098546545,-8.615479561943154
20,5,405,104,Player,red,Defense,-5.235852666656793,-16.339054444794165
20,6,1080,316,Player,red,Defense,6.652271731666734,5.057288211466541
20,7,864,104,Player,red,Defense,3.1549797600448577,-15.511405169931354
20,8,132,112,Player,red,Defense,-9.862386564999623,-15.771283864301108
20,9,1050,276,Player,red,Defense,6.306199965417532,2.148386267844802
20,11,1066,196,Player,red,Defense,6.694171654413369,-4.654120726353539
20,14,20,186,Player,red,Defense,-9.747788230074026,-7.582692654082494
20,0,752,135,Ball,blue,Ball,1.3177117061389079,-11.80066664126836
21,1,722,329,Player,red,Defense,1.967927263700936,5.256429061682137
21,2,464,482,Player,red,Defense,-0.21265909211053724,13.109864224071474
21,3,554,184,Player,red,Defense,-1.5058429304177483,-6.806493012990962
21,4,812,162,Player,red,Defense,2.5024463329578324,-8.619250365543813
21,5,405,104,Player,red,Defense,-5.235852666656793,-16.339054444794165
21,6,1080,316,Player,red,Defense,6.652271731666734,5.057288211466541
21,7,864,104,Player,red,Defense,3.1549797600448577,-15.511405169931354
21,8,132,113,Player,red,Defense,-9.834416093481725,-15.642634459194197
21,9,1050,276,Player,red,Defense,6.306199965417532,2.148386267844802
21,11,1066,196,Player,red,Defense,6.694171654413369,-4.654120726353539
21,14,20,186,Player,red,Defense,-9.747788230074026,-7.582692654082494
21,0,760,123,Ball,blue,Ball,1.3715116475030726,-13.248192388078595
22,1,724,327,Player,red,Defense,1.984817971067441,5.129164542991574
22,2,466,481,Player,red,Defense,-0.19755779811815732,13.067986909805805
22,3,555,183,Player,red,Defense,-1.501297894814046,-6.905317537377313
22,4,810,161,Player,red,Defense,2.464169992649572,-8.731585810298625
22,5,405,104,Player,red,Defense,-5.235852666656793,-16.339054444794165
22,6,1080,315,Player,red,Defense,6.654126929352436,4.989823450706854
22,7,864,104,Player,red,Defense,3.1549797600448577,-15.511405169931354
22,8,132,113,Player,red,Defense,-9.834416093481725,-15.642634459194197
22,9,1050,276,Player,red,Defense,6.306199965417532,2.148386267844802
22,11,1066,196,Player,red,Defense,6.694171654413369,-4.654120726353539
22,14,20,186,Player,red,Defense,-9.747788230074026,-7.582692654082494
22,0,770,115,Ball,blue,Ball,1.4931520350787912,-14.241415329356993
23,1,726,324,Player,red,Defense,1.9973445990782983,4.935121311746232
23,2,466,478,Player,red,Defense,-0.2158911615022459,12.93165504765416
23,3,556,183,Player,red,Defense,-1.4854713546988247,-6.903457179553755
23,4,809,160,Player,red,Defense,2.4424992903909217,-8.842412027765283
23,5,405,104,Player,red,Defense,-5.235852666656793,-16.339054444794165
23,6,1080,316,Player,red,Defense,6.652271731666734,5.057288211466541
23,7,864,104,Player,red,Defense,3.1549797600448577,-15.511405169931354
23,8,132,114,Player,red,Defense,-9.806548583841908,-15.51445862437928
23,9,1050,276,Player,red,Defense,6.306199965417532,2.148386267844802
23,11,1066,196,Player,red,Defense,6.694171654413369,-4.654120726353539
23,14,20,187,Player,red,Defense,-9.72345022882025,-7.48313692428498
23,0,756,114,Ball,blue,Ball,1.2323607065203317,-14.395724199711776
24,1,728,320,Player,red,Defense,2.005504138902929,4.672684141756798
24,2,466,474,Player,red,Defense,-0.2405264782511756,12.748460151185107
24,3,556,183,Player,red,Defense,-1.4854713546988247,-6.903457179553755
24,4,808,160,Player,red,Defense,2.4257660120314917,-8.844295860641555
24,5,405,104,Player,red,Defense,-5.235852666656793,-16.339054444794165
24,6,1080,315,Player,red,Defense,6.654126929352436,4.989823450706854
24,7,864,104,Player,red,Defense,3.1549797600448577,-15.511405169931354
24,8,132,114,Player,red,Defense,-9.806548583841908,-15.51445862437928
24,9,1050,276,Player,red,Defense,6.306199965417532,2.148386267844802
24,11,1066,196,Player,red,Defense,6.694171654413369,-4.654120726353539
24,14,20,188,Player,red,Defense,-9.699190794301517,-7.383902575383266
24,40,1207,167,Player,red,Defense,9.148269501051795,-7.326244267375989
25,1,730,318,Player,red,Defense,2.022708539372269,4.542222206936006
25,2,466,465,Player,red,Defense,-0.2967677202705053,12.330235022844958
25,3,557,183,Player,red,Defense,-1.469643769602899,-6.9015966988961495
25,4,807,161,Player,red,Defense,2.414056668120905,-8.737238806376414
25,5,404,105,Player,red,Defense,-5.23384907108973,-16.20783514441067
25,6,1080,316,Player,red,Defense,6.652271731666734,5.057288211466541
25,7,864,105,Player,red,Defense,3.159119446980688,-15.377663398037184
25,8,133,114,Player,red,Defense,-9.789262422770461,-15.512706764394538
25,9,1050,276,Player,red,Defense,6.306199965417532,2.148386267844802
25,11,1067,196,Player,red,Defense,6.710194104419509,-4.652195022128769
25,14,20,188,Player,red,Defense,-9.699190794301517,-7.383902575383266
25,40,1206,166,Player,red,Defense,9.137941004991553,-7.435040224104061
25,0,730,119,Ball,blue,Ball,0.8044480829185113,-13.805414142542848
26,1,733,318,Player,red,Defense,2.0619858382718355,4.547736467479447
26,2,466,459,Player,red,Defense,-0.33489978424214184,12.046674653695714
26,3,557,183,Player,red,Defense,-1.469643769602899,-6.9015966988961495
26,4,806,161,Player,red,Defense,2.3973545356083372,-8.739122877937664
26,5,404,104,Player,red,Defense,-5.253815791270954,-16.340826279375666
26,6,1080,316,Player,red,Defense,6.652271731666734,5.057288211466541
26,7,864,105,Player,red,Defense,3.159119446980688,-15.377663398037184
26,8,133,115,Player,red,Defense,-9.76152804931491,-15.38500043113241
26,9,1050,276,Player,red,Defense,6.306199965417532,2.148386267844802
26,11,1067,196,Player,red,Defense,6.710194104419509,-4.652195022128769
26,14,20,188,Player,red,Defense,-9.699190794301517,-7.383902575383266
26,40,1206,166,Player,red,Defense,9.137941004991553,-7.435040224104061
26,0,717,121,Ball,blue,Ball,0.5894020641334723,-13.577457977645103
27,1,734,318,Player,red,Defense,2.0750796910272142,4.549574753655775
27,2,465,453,Player,red,Defense,-0.3844940022493301,11.757520583251557
27,3,558,182,Player,red,Defense,-1.4650294972128597,-7.0007558716858815
27,4,806,161,Player,red,Defense,2.3973545356083372,-8.739122877937664
27,5,404,104,Player,red,Defense,-5.253815791270954,-16.340826279375666
27,6,1080,316,Player,red,Defense,6.652271731666734,5.057288211466541
27,7,864,105,Player,red,Defense,3.159119446980688,-15.377663398037184
27,8,133,115,Player,red,Defense,-9.76152804931491,-15.38500043113241
27,11,1067,196,Player,red,Defense,6.710194104419509,-4.652195022128769
27,14,20,188,Player,red,Defense,-9.699190794301517,-7.383902575383266
27,40,1206,166,Player,red,Defense,9.137941004991553,-7.435040224104061
27,0,702,123,Ball,blue,Ball,0.34067978161435325,-13.355084273806973
28,1,734,317,Player,red,Defense,2.070679137971251,4.482236037090562
28,2,466,448,Player,red,Defense,-0.40617356837073587,11.516663465389723
28,3,558,182,Player,red,Defense,-1.4650294972128597,-7.0007558716858815
28,4,804,162,Player,red,Defense,2.369045302438206,-8.634328377074047
28,5,405,104,Player,red,Defense,-5.235852666656793,-16.339054444794165
28,6,1080,316,Player,red,Defense,6.652271731666734,5.057288211466541
28,7,864,105,Player,red,Defense,3.159119446980688,-15.377663398037184
28,8,133,115,Player,red,Defense,-9.76152804931491,-15.38500043113241
28,11,1067,196,Player,red,Defense,6.710194104419509,-4.652195022128769
28,14,20,188,Player,red,Defense,-9.699190794301517,-7.383902575383266
28,40,1206,166,Player,red,Defense,9.137941004991553,-7.435040224104061
28,0,687,129,Ball,blue,Ball,0.1321614116769215,-12.643908792776434
29,1,735,316,Player,red,Defense,2.0793966205345966,4.416553398788641
29,2,466,444,Player,red,Defense,-0.4325398884242676,11.320596358897728
29,3,558,183,Player,red,Defense,-1.453815139422772,-6.899736095392326
29,4,803,163,Player,red,Defense,2.3574779486235604,-8.528025811347266
29,5,404,105,Player,red,Defense,-5.23384907108973,-16.20783514441067
29,6,1080,316,Player,red,Defense,6.652271731666734,5.057288211466541
29,7,864,105,Player,red,Defense,3.159119446980688,-15.377663398037184
29,8,134,115,Player,red,Defense,-9.744271366006439,-15.383246984051762
29,11,1067,196,Player,red,Defense,6.710194104419509,-4.652195022128769
29,14,20,188,Player,red,Defense,-9.699190794301517,-7.383902575383266
29,40,1206,167,Player,red,Defense,9.13127650865162,-7.328183734803362
29,0,672,135,Ball,blue,Ball,-0.07161137936188357,-11.948918645234796
30,1,736,315,Player,red,Defense,2.088138387009601,4.350687791220716
30,2,466,442,Player,red,Defense,-0.44581452842710434,11.221882535740193
30,3,558,183,Player,red,Defense,-1.453815139422772,-6.899736095392326
30,4,802,163,Player,red,Defense,2.340837761604265,-8.529910318678828
30,5,404,104,Player,red,Defense,-5.253815791270954,-16.340826279375666
30,6,1080,316,Player,red,Defense,6.652271731666734,5.057288211466541
30,7,864,105,Player,red,Defense,3.159119446980688,-15.377663398037184
30,8,133,114,Player,red,Defense,-9.789262422770461,-15.512706764394538
30,11,1066,196,Player,red,Defense,6.694171654413369,-4.654120726353539
30,14,20,188,Player,red,Defense,-9.699190794301517,-7.383902575383266
30,40,1206,166,Player,red,Defense,9.137941004991553,-7.435040224104061
30,0,656,143,Ball,blue,Ball,-0.26799931518599535,-11.0390916982199
31,1,737,315,Player,red,Defense,2.1012876656988286,4.352528394373543
31,2,466,442,Player,red,Defense,-0.44581452842710434,11.221882535740193
31,3,557,183,Player,red,Defense,-1.469643769602899,-6.9015966988961495
31,4,801,164,Player,red,Defense,2.329340752234318,-8.423981973299766
31,5,405,104,Player,red,Defense,-5.235852666656793,-16.339054444794165
31,6,1080,316,Player,red,Defense,6.652271731666734,5.057288211466541
31,7,864,105,Player,red,Defense,3.159119446980688,-15.377663398037184
31,8,133,114,Player,red,Defense,-9.789262422770461,-15.512706764394538
31,11,1066,196,Player,red,Defense,6.694171654413369,-4.654120726353539
31,14,20,188,Player,red,Defense,-9.699190794301517,-7.383902575383266
31,40,1206,166,Player,red,Defense,9.137941004991553,-7.435040224104061
31,0,640,150,Ball,blue,Ball,-0.46878539009985515,-10.268522944186465
32,1,736,314,Player,red,Defense,2.0837373985316714,4.282797179382892
32,2,464,443,Player,red,Defense,-0.46129793659827245,11.267863962009955
32,3,556,182,Player,red,Defense,-1.4967374804956932,-7.004476447298454
32,4,800,164,Player,red,Defense,2.312731366140597,-8.425866678005521
32,5,405,104,Player,red,Defense,-5.235852666656793,-16.339054444794165
32,6,1080,316,Player,red,Defense,6.652271731666734,5.057288211466541
32,7,864,105,Player,red,Defense,3.159119446980688,-15.377663398037184
32,8,133,113,Player,red,Defense,-9.817099081018249,-15.640884080561175
32,11,1066,196,Player,red,Defense,6.694171654413369,-4.654120726353539
32,14,20,188,Player,red,Defense,-9.699190794301517,-7.383902575383266
32,40,1206,166,Player,red,Defense,9.137941004991553,-7.435040224104061
32,0,624,159,Ball,blue,Ball,-0.6438308324548031,-9.297937688358013
33,1,734,314,Player,red,Defense,2.057405271130086,4.279114941725031
33,2,464,442,Player,red,Defense,-0.4679682084483069,11.21844834265611
33,3,554,183,Player,red,Defense,-1.5171233900520493,-6.907177772378981
33,4,798,164,Player,red,Defense,2.279516018981558,-8.42963569877129
33,5,405,104,Player,red,Defense,-5.235852666656793,-16.339054444794165
33,6,1080,316,Player,red,Defense,6.652271731666734,5.057288211466541
33,7,864,105,Player,red,Defense,3.159119446980688,-15.377663398037184
33,8,133,113,Player,red,Defense,-9.817099081018249,-15.640884080561175
33,11,1066,196,Player,red,Defense,6.694171654413369,-4.654120726353539
33,14,20,188,Player,red,Defense,-9.699190794301517,-7.383902575383266
33,40,1206,166,Player,red,Defense,9.137941004991553,-7.435040224104061
33,0,606,170,Ball,blue,Ball,-0.8250271319047562,-8.150414720993433
34,1,732,313,Player,red,Defense,2.026591351416048,4.20735391213365
34,2,466,440,Player,red,Defense,-0.4591507206498524,11.12271099358238
34,3,554,184,Player,red,Defense,-1.5058429304177483,-6.806493012990962
34,4,798,163,Player,red,Defense,2.274288471213245,-8.53744705041788
34,5,405,104,Player,red,Defense,-5.235852666656793,-16.339054444794165
34,6,1080,316,Player,red,Defense,6.652271731666734,5.057288211466541
34,7,864,105,Player,red,Defense,3.159119446980688,-15.377663398037184
34,8,133,113,Player,red,Defense,-9.817099081018249,-15.640884080561175
34,11,1066,196,Player,red,Defense,6.694171654413369,-4.654120726353539
34,14,20,188,Player,red,Defense,-9.699190794301517,-7.383902575383266
34,40,1206,166,Player,red,Defense,9.137941004991553,-7.435040224104061
35,1,731,313,Player,red,Defense,2.013409899126265,4.205512482444991
35,2,463,439,Player,red,Defense,-0.49918608334188846,11.067793813700442
35,3,554,187,Player,red,Defense,-1.472224227160984,-6.506426246380489
35,4,798,163,Player,red,Defense,2.274288471213245,-8.53744705041788
35,5,405,104,Player,red,Defense,-5.235852666656793,-16.339054444794165
35,6,1080,316,Player,red,Defense,6.652271731666734,5.057288211466541
35,7,864,105,Player,red,Defense,3.159119446980688,-15.377663398037184
35,8,133,114,Player,red,Defense,-9.789262422770461,-15.512706764394538
35,9,1050,276,Player,red,Defense,6.306199965417532,2.148386267844802
35,11,1066,196,Player,red,Defense,6.694171654413369,-4.654120726353539
35,14,20,188,Player,red,Defense,-9.699190794301517,-7.383902575383266
35,40,1206,166,Player,red,Defense,9.137941004991553,-7.435040224104061
36,1,730,313,Player,red,Defense,2.00022916637236,4.203671153274446
36,2,458,437,Player,red,Defense,-0.5683828571010862,10.959319872395705
36,3,554,184,Player,red,Defense,-1.5058429304177483,-6.806493012990962
36,4,798,163,Player,red,Defense,2.274288471213245,-8.53744705041788
36,5,405,104,Player,red,Defense,-5.235852666656793,-16.339054444794165
36,6,1079,316,Player,red,Defense,6.638891895269324,5.055413476915648
36,7,864,105,Player,red,Defense,3.159119446980688,-15.377663398037184
36,8,133,114,Player,red,Defense,-9.789262422770461,-15.512706764394538
36,9,1050,276,Player,red,Defense,6.306199965417532,2.148386267844802
36,11,1066,196,Player,red,Defense,6.694171654413369,-4.654120726353539
36,14,20,188,Player,red,Defense,-9.699190794301517,-7.383902575383266
36,40,1206,166,Player,red,Defense,9.137941004991553,-7.435040224104061
36,0,553,205,Ball,blue,Ball,-1.2925556357067516,-4.768294605858424
37,1,730,313,Player,red,Defense,2.00022916637236,4.203671153274446
37,2,452,435,Player,red,Defense,-0.6490458439594118,10.848643387136644
37,3,553,184,Player,red,Defense,-1.5216415932392915,-6.808353368261809
37,4,797,164,Player,red,Defense,2.262910057680821,-8.431520014858021
37,5,405,104,Player,red,Defense,-5.235852666656793,-16.339054444794165
37,6,1079,316,Player,red,Defense,6.638891895269324,5.055413476915648
37,7,864,105,Player,red,Defense,3.159119446980688,-15.377663398037184
37,8,133,114,Player,red,Defense,-9.789262422770461,-15.512706764394538
37,9,1050,276,Player,red,Defense,6.306199965417532,2.148386267844802
37,11,1066,196,Player,red,Defense,6.694171654413369,-4.654120726353539
37,14,20,188,Player,red,Defense,-9.699190794301517,-7.383902575383266
37,40,1206,166,Player,red,Defense,9.137941004991553,-7.435040224104061
37,0,534,220,Ball,blue,Ball,-1.4214778624954778,-3.4283159638850127
38,1,730,313,Player,red,Defense,2.00022916637236,4.203671153274446
38,2,447,430,Player,red,Defense,-0.7400711466627758,10.587071251757475
38,3,552,184,Player,red,Defense,-1.53743921481702,-6.810213600922064
38,4,798,165,Player,red,Defense,2.2847255729968428,-8.322195444802146
38,5,405,104,Player,red,Defense,-5.235852666656793,-16.339054444794165
38,6,1079,316,Player,red,Defense,6.638891895269324,5.055413476915648
38,7,864,105,Player,red,Defense,3.159119446980688,-15.377663398037184
38,8,133,114,Player,red,Defense,-9.789262422770461,-15.512706764394538
38,9,1050,276,Player,red,Defense,6.306199965417532,2.148386267844802
38,11,1066,196,Player,red,Defense,6.694171654413369,-4.654120726353539
38,14,20,188,Player,red,Defense,-9.699190794301517,-7.383902575383266
38,40,1206,166,Player,red,Defense,9.137941004991553,-7.435040224104061
38,0,514,237,Ball,blue,Ball,-1.5380682957010396,-1.9824657969029582
39,1,730,313,Player,red,Defense,2.00022916637236,4.203671153274446
39,2,446,425,Player,red,Defense,-0.787007828383696,10.32939511347914
39,3,551,184,Player,red,Defense,-1.55323579525387,-6.812073710983848
39,4,796,165,Player,red,Defense,2.2515715878381113,-8.325964834006042
39,5,405,104,Player,red,Defense,-5.235852666656793,-16.339054444794165
39,6,1079,316,Player,red,Defense,6.638891895269324,5.055413476915648
39,7,864,105,Player,red,Defense,3.159119446980688,-15.377663398037184
39,8,133,115,Player,red,Defense,-9.76152804931491,-15.38500043113241
39,9,1050,276,Player,red,Defense,6.306199965417532,2.148386267844802
39,11,1066,196,Player,red,Defense,6.694171654413369,-4.654120726353539
39,14,20,188,Player,red,Defense,-9.699190794301517,-7.383902575383266
39,40,1206,166,Player,red,Defense,9.137941004991553,-7.435040224104061
39,0,493,254,Ball,blue,Ball,-1.662788915169644,-0.6128774733013336
40,1,730,313,Player,red,Defense,2.00022916637236,4.203671153274446
40,2,448,421,Player,red,Defense,-0.7932059053476361,10.125917848978524
40,3,549,185,Player,red,Defense,-1.573454123937524,-6.715442307893582
40,4,798,165,Player,red,Defense,2.2847255729968428,-8.322195444802146
40,5,405,104,Player,red,Defense,-5.235852666656793,-16.339054444794165
40,6,1079,316,Player,red,Defense,6.638891895269324,5.055413476915648
40,7,864,105,Player,red,Defense,3.159119446980688,-15.377663398037184
40,8,133,118,Player,red,Defense,-9.678933030977776,-15.004681511923422
40,9,1050,276,Player,red,Defense,6.306199965417532,2.148386267844802
40,11,1066,196,Player,red,Defense,6.694171654413369,-4.654120726353539
40,14,20,188,Player,red,Defense,-9.699190794301517,-7.383902575383266
40,0,474,271,Ball,blue,Ball,-1.7536988437799625,0.6915912022391139
41,1,730,313,Player,red,Defense,2.00022916637236,4.203671153274446
41,2,449,419,Player,red,Defense,-0.7963272474190638,10.023447010045782
41,3,547,186,Player,red,Defense,-1.5936031843768514,-6.619141965186376
41,4,796,164,Player,red,Defense,2.246305237742357,-8.433404201431784
41,5,405,104,Player,red,Defense,-5.235852666656793,-16.339054444794165
41,6,1079,316,Player,red,Defense,6.638891895269324,5.055413476915648
41,7,864,105,Player,red,Defense,3.159119446980688,-15.377663398037184
41,8,132,119,Player,red,Defense,-9.668735747123936,-14.88059231831729
41,9,1050,276,Player,red,Defense,6.306199965417532,2.148386267844802
41,11,1066,196,Player,red,Defense,6.694171654413369,-4.654120726353539
41,14,20,188,Player,red,Defense,-9.699190794301517,-7.383902575383266
41,0,454,289,Ball,blue,Ball,-1.8435402943611334,2.0035896864866483
42,1,728,313,Player,red,Defense,1.9738698592365373,4.1999887964547815
42,2,450,419,Player,red,Defense,-0.7849597959274763,10.025182068004934
42,3,547,186,Player,red,Defense,-1.5936031843768514,-6.619141965186376
42,4,795,164,Player,red,Defense,2.229701559048493,-8.435288258505935
42,5,405,104,Player,red,Defense,-5.235852666656793,-16.339054444794165
42,6,1079,316,Player,red,Defense,6.638891895269324,5.055413476915648
42,7,864,105,Player,red,Defense,3.159119446980688,-15.377663398037184
42,8,132,119,Player,red,Defense,-9.668735747123936,-14.88059231831729
42,9,1050,276,Player,red,Defense,6.306199965417532,2.148386267844802
42,10,1246,380,Player,red,Defense,8.592697723235725,9.323841726648181
42,11,1066,196,Player,red,Defense,6.694171654413369,-4.654120726353539
42,14,20,188,Player,red,Defense,-9.699190794301517,-7.383902575383266
42,0,384,352,Ball,blue,Ball,-2.1244488061232425,6.105833575693816
43,1,725,313,Player,red,Defense,1.934336293579241,4.1944660149054185
43,2,452,419,Player,red,Defense,-0.7622232780211912,10.028652430415182
43,3,547,186,Player,red,Defense,-1.5936031843768514,-6.619141965186376
43,4,796,164,Player,red,Defense,2.246305237742357,-8.433404201431784
43,5,405,104,Player,red,Defense,-5.235852666656793,-16.339054444794165
43,6,1079,316,Player,red,Defense,6.638891895269324,5.055413476915648
43,7,864,105,Player,red,Defense,3.159119446980688,-15.377663398037184
43,8,132,119,Player,red,Defense,-9.668735747123936,-14.88059231831729
43,9,1050,276,Player,red,Defense,6.306199965417532,2.148386267844802
43,11,1066,196,Player,red,Defense,6.694171654413369,-4.654120726353539
43,14,20,188,Player,red,Defense,-9.699190794301517,-7.383902575383266
43,0,384,351,Ball,blue,Ball,-2.1340334685846036,6.044061288016353
44,1,722,313,Player,red,Defense,1.8948092005643822,4.188944137574774
44,2,452,418,Player,red,Defense,-0.7694398639814741,9.976366961364825
44,3,547,186,Player,red,Defense,-1.5936031843768514,-6.619141965186376
44,4,796,164,Player,red,Defense,2.246305237742357,-8.433404201431784
44,5,405,104,Player,red,Defense,-5.235852666656793,-16.339054444794165
44,6,1079,316,Player,red,Defense,6.638891895269324,5.055413476915648
44,7,864,105,Player,red,Defense,3.159119446980688,-15.377663398037184
44,8,132,115,Player,red,Defense,-9.778783468606418,-15.386753749776627
44,9,1050,276,Player,red,Defense,6.306199965417532,2.148386267844802
44,11,1066,196,Player,red,Defense,6.694171654413369,-4.654120726353539
44,14,20,188,Player,red,Defense,-9.699190794301517,-7.383902575383266
44,0,383,350,Ball,blue,Ball,-2.155969011583376,5.980346809921743
45,1,718,313,Player,red,Defense,1.8421164756856478,4.18158304064593
45,2,456,417,Player,red,Defense,-0.7310872061595918,9.930905295218166
45,3,548,185,Player,red,Defense,-1.5892218948629682,-6.7173022825102136
45,4,795,165,Player,red,Defense,2.2349963013158285,-8.327849334640566
45,5,405,104,Player,red,Defense,-5.235852666656793,-16.339054444794165
45,6,1079,316,Player,red,Defense,6.638891895269324,5.055413476915648
45,7,864,105,Player,red,Defense,3.159119446980688,-15.377663398037184
45,8,132,113,Player,red,Defense,-9.834416093481725,-15.642634459194197
45,9,1050,276,Player,red,Defense,6.306199965417532,2.148386267844802
45,11,1066,196,Player,red,Defense,6.694171654413369,-4.654120726353539
45,14,20,188,Player,red,Defense,-9.699190794301517,-7.383902575383266
45,0,382,350,Ball,blue,Ball,-2.168294500268799,5.978564269121008
46,1,717,314,Player,red,Defense,1.8336980578464224,4.247832124635263
46,2,456,414,Player,red,Defense,-0.7527308903375969,9.77293379481591
46,3,548,185,Player,red,Defense,-1.5892218948629682,-6.7173022825102136
46,4,794,166,Player,red,Defense,2.223726993763317,-8.222664354137521
46,5,405,104,Player,red,Defense,-5.235852666656793,-16.339054444794165
46,6,1079,316,Player,red,Defense,6.638891895269324,5.055413476915648
46,7,864,105,Player,red,Defense,3.159119446980688,-15.377663398037184
46,8,132,113,Player,red,Defense,-9.834416093481725,-15.642634459194197
46,9,1050,276,Player,red,Defense,6.306199965417532,2.148386267844802
46,11,1066,196,Player,red,Defense,6.694171654413369,-4.654120726353539
46,14,20,188,Player,red,Defense,-9.699190794301517,-7.383902575383266
46,0,382,349,Ball,blue,Ball,-2.177960153525835,5.916470837868223
47,1,716,315,Player,red,Defense,1.8253030780659973,4.313896761860904
47,2,456,411,Player,red,Defense,-0.7745303109744797,9.613825615377225
47,3,548,184,Player,red,Defense,-1.6006192907482912,-6.817653305699545
47,4,794,169,Player,red,Defense,2.2395327240830305,-7.903652142448343
47,5,405,104,Player,red,Defense,-5.235852666656793,-16.339054444794165
47,6,1079,316,Player,red,Defense,6.638891895269324,5.055413476915648
47,7,864,105,Player,red,Defense,3.159119446980688,-15.377663398037184
47,8,132,114,Player,red,Defense,-9.806548583841908,-15.51445862437928
47,9,1050,276,Player,red,Defense,6.306199965417532,2.148386267844802
47,11,1066,196,Player,red,Defense,6.694171654413369,-4.654120726353539
47,14,19,188,Player,red,Defense,-9.714352383755672,-7.385700377250701
47,0,382,348,Ball,blue,Ball,-2.1876508365298455,5.854216612219891
48,1,714,317,Player,red,Defense,1.8085830422394829,4.445475768620866
48,2,454,406,Player,red,Defense,-0.8343062889946405,9.342593548241922
48,3,550,184,Player,red,Defense,-1.569031334652762,-6.813933698459277
48,4,794,171,Player,red,Defense,2.249980141690114,-7.692788504396791
48,5,405,104,Player,red,Defense,-5.235852666656793,-16.339054444794165
48,6,1079,316,Player,red,Defense,6.638891895269324,5.055413476915648
48,7,864,105,Player,red,Defense,3.159119446980688,-15.377663398037184
48,8,132,114,Player,red,Defense,-9.806548583841908,-15.51445862437928
48,9,1050,276,Player,red,Defense,6.306199965417532,2.148386267844802
48,11,1066,196,Player,red,Defense,6.694171654413369,-4.654120726353539
48,14,19,188,Player,red,Defense,-9.714352383755672,-7.385700377250701
48,0,526,269,Ball,blue,Ball,-1.0547666995909306,0.6331961068959373
49,1,712,318,Player,red,Defense,1.78717883604517,4.509155468991891
49,2,453,401,Player,red,Defense,-0.8831877364635964,9.069845805378574
49,3,550,183,Player,red,Defense,-1.5804149243011114,-6.914617484410032
49,4,792,172,Player,red,Defense,2.2224243000922126,-7.5916682864219815
49,5,405,104,Player,red,Defense,-5.235852666656793,-16.339054444794165
49,6,1079,316,Player,red,Defense,6.638891895269324,5.055413476915648
49,7,864,105,Player,red,Defense,3.159119446980688,-15.377663398037184
49,8,132,115,Player,red,Defense,-9.778783468606418,-15.386753749776627
49,9,1050,276,Player,red,Defense,6.306199965417532,2.148386267844802
49,11,1065,196,Player,red,Defense,6.678150257313749,-4.6560463040317135
49,14,19,188,Player,red,Defense,-9.714352383755672,-7.385700377250701
49,0,552,258,Ball,blue,Ball,-0.7915020696396798,-0.18261648889176757
50,1,708,320,Player,red,Defense,1.7445514203105061,4.635976386195341
50,2,452,394,Player,red,Defense,-0.9479381487251143,8.683114640410267
50,3,551,183,Player,red,Defense,-1.5645936075374005,-6.912757740574295
50,4,790,173,Player,red,Defense,2.194965724302948,-7.4909049996530435
50,5,404,104,Player,red,Defense,-5.253815791270954,-16.340826279375666
50,6,1079,316,Player,red,Defense,6.638891895269324,5.055413476915648
50,7,864,105,Player,red,Defense,3.159119446980688,-15.377663398037184
50,8,132,116,Player,red,Defense,-9.751120184464034,-15.259517244451926
50,9,1050,276,Player,red,Defense,6.306199965417532,2.148386267844802
50,11,1065,196,Player,red,Defense,6.678150257313749,-4.6560463040317135
50,14,19,188,Player,red,Defense,-9.714352383755672,-7.385700377250701
50,40,1206,166,Player,red,Defense,9.137941004991553,-7.435040224104061
51,1,706,323,Player,red,Defense,1.7330004596196666,4.832200697103001
51,2,450,387,Player,red,Defense,-1.0256157707872908,8.287956986250464
51,3,552,183,Player,red,Defense,-1.5487712463102759,-6.910897873965313
51,4,790,174,Player,red,Defense,2.200237686824779,-7.386722672393688
51,5,404,104,Player,red,Defense,-5.253815791270954,-16.340826279375666
51,6,1079,316,Player,red,Defense,6.638891895269324,5.055413476915648
51,7,864,105,Player,red,Defense,3.159119446980688,-15.377663398037184
51,8,132,115,Player,red,Defense,-9.778783468606418,-15.386753749776627
51,9,1050,276,Player,red,Defense,6.306199965417532,2.148386267844802
51,11,1066,196,Player,red,Defense,6.694171654413369,-4.654120726353539
51,14,19,188,Player,red,Defense,-9.714352383755672,-7.385700377250701
51,40,1206,166,Player,red,Defense,9.137941004991553,-7.435040224104061
51,0,600,236,Ball,blue,Ball,-0.2956635630937877,-1.9076585338910002
52,1,703,326,Player,red,Defense,1.7086108543921001,5.0249915092637885
52,2,446,383,Player,red,Defense,-1.1045116986701575,8.0540490535729
52,3,552,183,Player,red,Defense,-1.5487712463102759,-6.910897873965313
52,4,789,174,Player,red,Defense,2.1839202424188873,-7.388609778728614
52,5,404,105,Player,red,Defense,-5.23384907108973,-16.20783514441067
52,6,1078,316,Player,red,Defense,6.625512793195556,5.053538845255543
52,7,864,105,Player,red,Defense,3.159119446980688,-15.377663398037184
52,8,132,111,Player,red,Defense,-9.8904605700704,-15.900409469102321
52,9,1050,276,Player,red,Defense,6.306199965417532,2.148386267844802
52,11,1066,196,Player,red,Defense,6.694171654413369,-4.654120726353539
52,14,19,188,Player,red,Defense,-9.714352383755672,-7.385700377250701
52,40,1206,166,Player,red,Defense,9.137941004991553,-7.435040224104061
53,1,701,328,Player,red,Defense,1.6924622734300723,5.152640071422351
53,2,443,380,Player,red,Defense,-1.1641891080793114,7.877119523278607
53,3,552,183,Player,red,Defense,-1.5487712463102759,-6.910897873965313
53,4,790,174,Player,red,Defense,2.200237686824779,-7.386722672393688
53,5,404,104,Player,red,Defense,-5.253815791270954,-16.340826279375666
53,6,1078,316,Player,red,Defense,6.625512793195556,5.053538845255543
53,7,864,105,Player,red,Defense,3.159119446980688,-15.377663398037184
53,8,132,110,Player,red,Defense,-9.918638684608839,-16.03001392250185
53,9,1050,276,Player,red,Defense,6.306199965417532,2.148386267844802
53,11,1066,196,Player,red,Defense,6.694171654413369,-4.654120726353539
53,14,19,188,Player,red,Defense,-9.714352383755672,-7.385700377250701
53,40,1206,166,Player,red,Defense,9.137941004991553,-7.435040224104061
53,0,644,220,Ball,blue,Ball,0.2237070328084402,-3.2230321063448266
54,1,700,329,Player,red,Defense,1.6844210565187914,5.216202918160632
54,2,439,378,Player,red,Defense,-1.2280892002333632,7.7549110062976006
54,3,552,183,Player,red,Defense,-1.5487712463102759,-6.910897873965313
54,4,794,174,Player,red,Defense,2.26551848895816,-7.379172972073539
54,5,404,104,Player,red,Defense,-5.253815791270954,-16.340826279375666
54,6,1078,316,Player,red,Defense,6.625512793195556,5.053538845255543
54,7,864,105,Player,red,Defense,3.159119446980688,-15.377663398037184
54,8,132,110,Player,red,Defense,-9.918638684608839,-16.03001392250185
54,9,1050,276,Player,red,Defense,6.306199965417532,2.148386267844802
54,11,1066,196,Player,red,Defense,6.694171654413369,-4.654120726353539
54,14,19,188,Player,red,Defense,-9.714352383755672,-7.385700377250701
54,40,1206,166,Player,red,Defense,9.137941004991553,-7.435040224104061
54,0,665,215,Ball,blue,Ball,0.5014558797364896,-3.634856274849608
55,1,700,329,Player,red,Defense,1.6844210565187914,5.216202918160632
55,2,437,376,Player,red,Defense,-1.2683703744938357,7.635651673578927
55,3,553,182,Player,red,Defense,-1.5442915924874645,-7.01005638809052
55,4,798,175,Player,red,Defense,2.335851549909555,-7.2677888818202865
55,5,405,104,Player,red,Defense,-5.235852666656793,-16.339054444794165
55,6,1079,316,Player,red,Defense,6.638891895269324,5.055413476915648
55,7,864,105,Player,red,Defense,3.159119446980688,-15.377663398037184
55,8,132,111,Player,red,Defense,-9.8904605700704,-15.900409469102321
55,9,1050,276,Player,red,Defense,6.306199965417532,2.148386267844802
55,11,1066,195,Player,red,Defense,6.696462722794077,-4.750953852728331
55,14,20,187,Player,red,Defense,-9.72345022882025,-7.48313692428498
55,40,1206,166,Player,red,Defense,9.137941004991553,-7.435040224104061
55,0,685,209,Ball,blue,Ball,0.7614781110805154,-4.148208131380519
56,1,702,330,Player,red,Defense,1.7149887690480037,5.285072619793397
56,2,436,376,Player,red,Defense,-1.2803336515886072,7.633883431773426
56,3,555,181,Player,red,Defense,-1.5239194262429907,-7.107691239492576
56,4,804,175,Player,red,Defense,2.4336675279338817,-7.256455601373961
56,5,405,104,Player,red,Defense,-5.235852666656793,-16.339054444794165
56,6,1079,316,Player,red,Defense,6.638891895269324,5.055413476915648
56,7,864,105,Player,red,Defense,3.159119446980688,-15.377663398037184
56,8,132,110,Player,red,Defense,-9.918638684608839,-16.03001392250185
56,9,1050,276,Player,red,Defense,6.306199965417532,2.148386267844802
56,11,1066,195,Player,red,Defense,6.696462722794077,-4.750953852728331
56,14,20,187,Player,red,Defense,-9.72345022882025,-7.48313692428498
56,40,1206,166,Player,red,Defense,9.137941004991553,-7.435040224104061
56,0,702,204,Ball,blue,Ball,0.9873988659868315,-4.583443173431378
57,1,702,331,Player,red,Defense,1.719784107293693,5.350113202424286
57,2,436,374,Player,red,Defense,-1.2968573377908563,7.517575616151549
57,3,556,181,Player,red,Defense,-1.5080410437036404,-7.105831402742878
57,4,810,175,Player,red,Defense,2.531523112532662,-7.245117731979847
57,5,405,104,Player,red,Defense,-5.235852666656793,-16.339054444794165
57,6,1079,316,Player,red,Defense,6.638891895269324,5.055413476915648
57,7,864,105,Player,red,Defense,3.159119446980688,-15.377663398037184
57,8,132,110,Player,red,Defense,-9.918638684608839,-16.03001392250185
57,9,1050,276,Player,red,Defense,6.306199965417532,2.148386267844802
57,11,1066,195,Player,red,Defense,6.696462722794077,-4.750953852728331
57,14,19,188,Player,red,Defense,-9.714352383755672,-7.385700377250701
57,40,1206,166,Player,red,Defense,9.137941004991553,-7.435040224104061
57,65,156,106,Player,red,Defense,-9.61117691859135,-16.51149358981909
57,0,720,201,Ball,blue,Ball,1.2459901804371636,-4.833507075383255
58,1,704,332,Player,red,Defense,1.750226645756275,5.418631444076897
58,2,438,372,Player,red,Defense,-1.2894182899310018,7.404225461894605
58,3,558,180,Player,red,Defense,-1.4875702024398298,-7.203804235412997
58,4,816,175,Player,red,Defense,2.6294183277663548,-7.233775270850223
58,5,405,104,Player,red,Defense,-5.235852666656793,-16.339054444794165
58,6,1079,315,Player,red,Defense,6.640728598183797,4.987947985810684
58,7,864,105,Player,red,Defense,3.159119446980688,-15.377663398037184
58,8,132,110,Player,red,Defense,-9.918638684608839,-16.03001392250185
58,9,1050,276,Player,red,Defense,6.306199965417532,2.148386267844802
58,11,1066,195,Player,red,Defense,6.696462722794077,-4.750953852728331
58,14,19,188,Player,red,Defense,-9.714352383755672,-7.385700377250701
58,40,1206,166,Player,red,Defense,9.137941004991553,-7.435040224104061
58,65,156,106,Player,red,Defense,-9.61117691859135,-16.51149358981909
58,0,740,198,Ball,blue,Ball,1.5386700289431885,-5.082531314714705
59,1,707,333,Player,red,Defense,1.7934067479729277,5.488799640702758
59,2,441,373,Player,red,Defense,-1.245105644764043,7.468056145843339
59,3,557,180,Player,red,Defense,-1.5034767445760655,-7.205664040365007
59,4,820,175,Player,red,Defense,2.6947038334987488,-7.226211077755294
59,5,405,104,Player,red,Defense,-5.235852666656793,-16.339054444794165
59,6,1079,315,Player,red,Defense,6.640728598183797,4.987947985810684
59,7,864,104,Player,red,Defense,3.1549797600448577,-15.511405169931354
59,8,132,109,Player,red,Defense,-9.946921488809098,-16.160099893086592
59,9,1050,276,Player,red,Defense,6.306199965417532,2.148386267844802
59,11,1066,195,Player,red,Defense,6.696462722794077,-4.750953852728331
59,14,19,187,Player,red,Defense,-9.738635547170484,-7.484934434446146
59,40,1206,166,Player,red,Defense,9.137941004991553,-7.435040224104061
59,65,156,106,Player,red,Defense,-9.61117691859135,-16.51149358981909
59,0,757,197,Ball,blue,Ball,1.798881674876939,-5.1466575943864585
60,1,712,333,Player,red,Defense,1.8574940389384844,5.49792700030474
60,2,446,372,Player,red,Defense,-1.193210792122094,7.418399690870547
60,3,558,180,Player,red,Defense,-1.4875702024398298,-7.203804235412997
60,4,824,175,Player,red,Defense,2.7600069706880777,-7.21864484182186
60,5,405,104,Player,red,Defense,-5.235852666656793,-16.339054444794165
60,6,1079,315,Player,red,Defense,6.640728598183797,4.987947985810684
60,7,864,104,Player,red,Defense,3.1549797600448577,-15.511405169931354
60,8,132,108,Player,red,Defense,-9.97530956718453,-16.290670069309417
60,9,1050,276,Player,red,Defense,6.306199965417532,2.148386267844802
60,11,1066,194,Player,red,Defense,6.698761368740865,-4.848107248641995
60,14,19,187,Player,red,Defense,-9.738635547170484,-7.484934434446146
60,40,1206,166,Player,red,Defense,9.137941004991553,-7.435040224104061
60,65,156,106,Player,red,Defense,-9.61117691859135,-16.51149358981909
60,0,772,197,Ball,blue,Ball,2.034137349434697,-5.118336016701022
61,1,718,334,Player,red,Defense,1.9389075479198374,5.573393853421258
61,2,452,371,Player,red,Defense,-1.1291255664968067,7.370379064841356
61,3,558,181,Player,red,Defense,-1.4762811228573787,-7.102111359608069
61,4,828,175,Player,red,Defense,2.8253277464778197,-7.211076562222256
61,5,405,104,Player,red,Defense,-5.235852666656793,-16.339054444794165
61,6,1079,315,Player,red,Defense,6.640728598183797,4.987947985810684
61,7,864,104,Player,red,Defense,3.1549797600448577,-15.511405169931354
61,8,132,107,Player,red,Defense,-10.00380350860795,-16.421727159674454
61,9,1050,276,Player,red,Defense,6.306199965417532,2.148386267844802
61,11,1066,194,Player,red,Defense,6.698761368740865,-4.848107248641995
61,14,20,187,Player,red,Defense,-9.72345022882025,-7.48313692428498
61,40,1206,167,Player,red,Defense,9.13127650865162,-7.328183734803362
61,65,156,106,Player,red,Defense,-9.61117691859135,-16.51149358981909
61,0,788,197,Ball,blue,Ball,2.2853296175681668,-5.08809589029686
62,1,726,336,Player,red,Defense,2.050046485684186,5.716498044153955
62,2,460,370,Player,red,Defense,-1.0407270272077511,7.325772430535473
62,3,558,180,Player,red,Defense,-1.4875702024398298,-7.203804235412997
62,4,831,175,Player,red,Defense,2.8743299079510694,-7.205399010868483
62,5,405,104,Player,red,Defense,-5.235852666656793,-16.339054444794165
62,6,1079,316,Player,red,Defense,6.638891895269324,5.055413476915648
62,7,864,104,Player,red,Defense,3.1549797600448577,-15.511405169931354
62,8,132,106,Player,red,Defense,-10.032403906352346,-16.55327389292432
62,11,1066,194,Player,red,Defense,6.698761368740865,-4.848107248641995
62,14,20,187,Player,red,Defense,-9.72345022882025,-7.48313692428498
62,40,1206,167,Player,red,Defense,9.13127650865162,-7.328183734803362
62,65,156,106,Player,red,Defense,-9.61117691859135,-16.51149358981909
63,1,730,337,Player,red,Defense,2.1054125931163648,5.787788288216762
63,2,472,369,Player,red,Defense,-0.9037179840845921,7.288141331681576
63,3,562,180,Player,red,Defense,-1.4239334770742091,-7.196363781293492
63,4,834,175,Player,red,Defense,2.9233419981740543,-7.1997203091371595
63,5,405,105,Player,red,Defense,-5.215919158660844,-16.206061647145503
63,6,1079,315,Player,red,Defense,6.640728598183797,4.987947985810684
63,7,864,104,Player,red,Defense,3.1549797600448577,-15.511405169931354
63,8,132,106,Player,red,Defense,-10.032403906352346,-16.55327389292432
63,11,1066,194,Player,red,Defense,6.698761368740865,-4.848107248641995
63,14,20,187,Player,red,Defense,-9.72345022882025,-7.48313692428498
63,40,1206,167,Player,red,Defense,9.13127650865162,-7.328183734803362
63,65,156,106,Player,red,Defense,-9.61117691859135,-16.51149358981909
64,1,736,338,Player,red,Defense,2.1861446226272623,5.862553439898149
64,2,480,368,Player,red,Defense,-0.8147204954514718,7.24327867986182
64,3,566,181,Player,red,Defense,-1.3491993472360047,-7.087226256800417
64,4,840,174,Player,red,Defense,3.0175177197812393,-7.292204542640086
64,5,405,104,Player,red,Defense,-5.235852666656793,-16.339054444794165
64,6,1079,315,Player,red,Defense,6.640728598183797,4.987947985810684
64,7,864,105,Player,red,Defense,3.159119446980688,-15.377663398037184
64,8,132,106,Player,red,Defense,-10.032403906352346,-16.55327389292432
64,11,1066,194,Player,red,Defense,6.698761368740865,-4.848107248641995
64,14,20,187,Player,red,Defense,-9.72345022882025,-7.48313692428498
64,40,1206,167,Player,red,Defense,9.13127650865162,-7.328183734803362
64,65,157,106,Player,red,Defense,-9.59360943889944,-16.50975112163056
65,1,742,338,Player,red,Defense,2.2626632860524265,5.8735016247357095
65,2,488,367,Player,red,Defense,-0.7254615060238243,7.19828420837754
65,3,571,180,Player,red,Defense,-1.2806890589011153,-7.179615535446954
65,4,850,174,Player,red,Defense,3.181305660299105,-7.273262528655064
65,5,405,104,Player,red,Defense,-5.235852666656793,-16.339054444794165
65,6,1079,315,Player,red,Defense,6.640728598183797,4.987947985810684
65,7,864,105,Player,red,Defense,3.159119446980688,-15.377663398037184
65,8,132,106,Player,red,Defense,-10.032403906352346,-16.55327389292432
65,11,1066,194,Player,red,Defense,6.698761368740865,-4.848107248641995
65,14,20,187,Player,red,Defense,-9.72345022882025,-7.48313692428498
65,40,1206,167,Player,red,Defense,9.13127650865162,-7.328183734803362
65,65,157,106,Player,red,Defense,-9.59360943889944,-16.50975112163056
66,1,747,339,Player,red,Defense,2.3303888986868877,5.94626695088157
66,2,496,365,Player,red,Defense,-0.6434899994532316,7.093639276900293
66,3,576,180,Player,red,Defense,-1.2010718384492731,-7.1703066297405265
66,4,860,175,Player,red,Defense,3.348529800902413,-7.150456653975632
66,5,405,104,Player,red,Defense,-5.235852666656793,-16.339054444794165
66,6,1079,315,Player,red,Defense,6.640728598183797,4.987947985810684
66,7,864,106,Player,red,Defense,3.163243234198705,-15.24443530180653
66,8,132,106,Player,red,Defense,-10.032403906352346,-16.55327389292432
66,11,1066,194,Player,red,Defense,6.698761368740865,-4.848107248641995
66,14,20,187,Player,red,Defense,-9.72345022882025,-7.48313692428498
66,40,1206,167,Player,red,Defense,9.13127650865162,-7.328183734803362
66,65,157,106,Player,red,Defense,-9.59360943889944,-16.50975112163056
67,1,748,340,Player,red,Defense,2.3470453619784952,6.011562058362502
67,2,502,362,Player,red,Defense,-0.5929820907568347,6.924880827069415
67,3,580,180,Player,red,Defense,-1.1373590282500603,-7.16285727972466
67,4,868,175,Player,red,Defense,3.479507201725278,-7.13528118218014
67,5,405,104,Player,red,Defense,-5.235852666656793,-16.339054444794165
67,6,1079,316,Player,red,Defense,6.638891895269324,5.055413476915648
67,7,864,105,Player,red,Defense,3.159119446980688,-15.377663398037184
67,8,132,106,Player,red,Defense,-10.032403906352346,-16.55327389292432
67,11,1066,194,Player,red,Defense,6.698761368740865,-4.848107248641995
67,14,20,187,Player,red,Defense,-9.72345022882025,-7.48313692428498
67,40,1206,167,Player,red,Defense,9.13127650865162,-7.328183734803362
67,0,871,208,Ball,blue,Ball,3.6228757876084465,-3.889559713860319
68,1,750,340,Player,red,Defense,2.3724980432018365,6.015210428480623
68,2,511,359,Player,red,Defense,-0.5052749506481942,6.760136811274154
68,3,586,181,Player,red,Defense,-1.0311999694579788,-7.049978953574984
68,4,872,176,Player,red,Defense,3.5480051337443856,-7.024187516667343
68,5,405,105,Player,red,Defense,-5.215919158660844,-16.206061647145503
68,6,1079,315,Player,red,Defense,6.640728598183797,4.987947985810684
68,7,864,106,Player,red,Defense,3.163243234198705,-15.24443530180653
68,8,132,106,Player,red,Defense,-10.032403906352346,-16.55327389292432
68,11,1066,194,Player,red,Defense,6.698761368740865,-4.848107248641995
68,14,20,187,Player,red,Defense,-9.72345022882025,-7.48313692428498
68,40,1206,167,Player,red,Defense,9.13127650865162,-7.328183734803362
69,1,754,340,Player,red,Defense,2.4234114498656467,6.022508321769505
69,2,520,358,Player,red,Defense,-0.4021675057055907,6.715657973727681
69,3,590,180,Player,red,Defense,-0.9780029355590586,-7.14422524469271
69,4,876,178,Player,red,Defense,3.6191426279752164,-6.8106337584759356
69,5,405,105,Player,red,Defense,-5.215919158660844,-16.206061647145503
69,6,1079,315,Player,red,Defense,6.640728598183797,4.987947985810684
69,7,864,105,Player,red,Defense,3.159119446980688,-15.377663398037184
69,8,132,105,Player,red,Defense,-10.061111358132075,-16.685313018229515
69,11,1066,194,Player,red,Defense,6.698761368740865,-4.848107248641995
69,14,20,187,Player,red,Defense,-9.72345022882025,-7.48313692428498
69,40,1206,167,Player,red,Defense,9.13127650865162,-7.328183734803362
70,1,760,340,Player,red,Defense,2.499801676761044,6.033458045245633
70,2,530,358,Player,red,Defense,-0.2792625982138399,6.733555969068882
70,3,594,181,Player,red,Defense,-0.9038821020059172,-7.035066197304394
70,4,882,183,Player,red,Defense,3.730283332857855,-6.290362342141078
70,5,405,104,Player,red,Defense,-5.235852666656793,-16.339054444794165
70,6,1079,315,Player,red,Defense,6.640728598183797,4.987947985810684
70,7,864,105,Player,red,Defense,3.159119446980688,-15.377663398037184
70,8,132,106,Player,red,Defense,-10.032403906352346,-16.55327389292432
70,9,1050,276,Player,red,Defense,6.306199965417532,2.148386267844802
70,11,1066,195,Player,red,Defense,6.696462722794077,-4.750953852728331
70,14,20,188,Player,red,Defense,-9.699190794301517,-7.383902575383266
70,40,1205,167,Player,red,Defense,9.114284694684383,-7.330123067732218
71,1,769,340,Player,red,Defense,2.614432302787265,6.049889121679026
71,2,538,358,Player,red,Defense,-0.18089339422041906,6.747880958938878
71,3,597,181,Player,red,Defense,-0.8561204827518322,-7.029471873418212
71,4,888,183,Player,red,Defense,3.8273426009166553,-6.278953343878207
71,5,405,104,Player,red,Defense,-5.235852666656793,-16.339054444794165
71,6,1079,315,Player,red,Defense,6.640728598183797,4.987947985810684
71,7,865,105,Player,red,Defense,3.1776876717486044,-15.375826763531832
71,8,132,107,Player,red,Defense,-10.00380350860795,-16.421727159674454
71,9,1049,276,Player,red,Defense,6.292062829241023,2.146488420894728
71,11,1066,195,Player,red,Defense,6.696462722794077,-4.750953852728331
71,14,20,188,Player,red,Defense,-9.699190794301517,-7.383902575383266
71,40,1206,167,Player,red,Defense,9.13127650865162,-7.328183734803362
72,1,776,340,Player,red,Defense,2.7036270484892713,6.062674236223821
72,2,549,357,Player,red,Defense,-0.0524491750338155,6.706880914601063
72,3,598,181,Player,red,Defense,-0.8401978307710587,-7.027606851383813
72,4,894,182,Player,red,Defense,3.9221223925665267,-6.3686341197742555
72,5,405,104,Player,red,Defense,-5.235852666656793,-16.339054444794165
72,6,1079,315,Player,red,Defense,6.640728598183797,4.987947985810684
72,7,865,105,Player,red,Defense,3.1776876717486044,-15.375826763531832
72,8,132,108,Player,red,Defense,-9.97530956718453,-16.290670069309417
72,9,1049,276,Player,red,Defense,6.292062829241023,2.146488420894728
72,11,1066,195,Player,red,Defense,6.696462722794077,-4.750953852728331
72,14,20,188,Player,red,Defense,-9.699190794301517,-7.383902575383266
72,40,1206,167,Player,red,Defense,9.13127650865162,-7.328183734803362
73,1,784,341,Player,red,Defense,2.808906472850801,6.140567636123401
73,2,558,356,Player,red,Defense,0.05171177894766636,6.662163332512881
73,3,598,181,Player,red,Defense,-0.8401978307710587,-7.027606851383813
73,4,898,182,Player,red,Defense,3.9869844360240365,-6.361023287671913
73,5,405,104,Player,red,Defense,-5.235852666656793,-16.339054444794165
73,6,1079,315,Player,red,Defense,6.640728598183797,4.987947985810684
73,7,865,105,Player,red,Defense,3.1776876717486044,-15.375826763531832
73,8,132,109,Player,red,Defense,-9.946921488809098,-16.160099893086592
73,9,1049,276,Player,red,Defense,6.292062829241023,2.146488420894728
73,11,1066,195,Player,red,Defense,6.696462722794077,-4.750953852728331
73,14,20,188,Player,red,Defense,-9.699190794301517,-7.383902575383266
73,40,1206,167,Player,red,Defense,9.13127650865162,-7.328183734803362
74,1,790,342,Player,red,Defense,2.8885103440555304,6.214634871848489
74,2,563,356,Player,red,Defense,0.11343276064231722,6.67113608770475
74,3,598,180,Player,red,Defense,-0.8504418223238918,-7.129310702735903
74,4,902,183,Player,red,Defense,4.053965481806491,-6.252314568353618
74,5,405,104,Player,red,Defense,-5.235852666656793,-16.339054444794165
74,6,1079,315,Player,red,Defense,6.640728598183797,4.987947985810684
74,7,865,105,Player,red,Defense,3.1776876717486044,-15.375826763531832
74,8,132,108,Player,red,Defense,-9.97530956718453,-16.290670069309417
74,9,1049,276,Player,red,Defense,6.292062829241023,2.146488420894728
74,11,1066,195,Player,red,Defense,6.696462722794077,-4.750953852728331
74,14,20,188,Player,red,Defense,-9.699190794301517,-7.383902575383266
74,40,1205,167,Player,red,Defense,9.114284694684383,-7.330123067732218
75,1,792,342,Player,red,Defense,2.9139524651559143,6.218288325955178
75,2,568,355,Player,red,Defense,0.16855388209268257,6.619105701369933
75,3,600,179,Player,red,Defense,-0.8287665679959516,-7.227624808355411
75,4,906,183,Player,red,Defense,4.118753801773227,-6.244698914076201
75,5,405,104,Player,red,Defense,-5.235852666656793,-16.339054444794165
75,6,1079,315,Player,red,Defense,6.640728598183797,4.987947985810684
75,7,865,105,Player,red,Defense,3.1776876717486044,-15.375826763531832
75,8,132,107,Player,red,Defense,-10.00380350860795,-16.421727159674454
75,9,1049,276,Player,red,Defense,6.292062829241023,2.146488420894728
75,11,1066,195,Player,red,Defense,6.696462722794077,-4.750953852728331
75,14,20,187,Player,red,Defense,-9.72345022882025,-7.48313692428498
75,40,1206,167,Player,red,Defense,9.13127650865162,-7.328183734803362
76,1,792,342,Player,red,Defense,2.9139524651559143,6.218288325955178
76,2,572,356,Player,red,Defense,0.22457045627613773,6.687292851711582
76,3,602,179,Player,red,Defense,-0.7968088659420951,-7.223895002801464
76,4,912,183,Player,red,Defense,4.2159687455851005,-6.23327161663972
76,5,405,104,Player,red,Defense,-5.235852666656793,-16.339054444794165
76,6,1079,315,Player,red,Defense,6.640728598183797,4.987947985810684
76,7,865,105,Player,red,Defense,3.1776876717486044,-15.375826763531832
76,8,132,106,Player,red,Defense,-10.032403906352346,-16.55327389292432
76,9,1049,276,Player,red,Defense,6.292062829241023,2.146488420894728
76,11,1066,195,Player,red,Defense,6.696462722794077,-4.750953852728331
76,14,20,187,Player,red,Defense,-9.72345022882025,-7.48313692428498
76,40,1206,167,Player,red,Defense,9.13127650865162,-7.328183734803362
77,1,796,340,Player,red,Defense,2.958650598855234,6.099229139513102
77,2,576,355,Player,red,Defense,0.26749183249719205,6.633476565636155
77,3,606,178,Player,red,Defense,-0.7429821889469249,-7.3188209384929594
77,4,920,183,Player,red,Defense,4.345649306323738,-6.2180280925354685
77,5,405,104,Player,red,Defense,-5.235852666656793,-16.339054444794165
77,6,1079,315,Player,red,Defense,6.640728598183797,4.987947985810684
77,7,865,105,Player,red,Defense,3.1776876717486044,-15.375826763531832
77,8,132,106,Player,red,Defense,-10.032403906352346,-16.55327389292432
77,9,1049,276,Player,red,Defense,6.292062829241023,2.146488420894728
77,11,1065,195,Player,red,Defense,6.680414800018439,-4.752879422488064
77,14,20,187,Player,red,Defense,-9.72345022882025,-7.48313692428498
77,40,1206,167,Player,red,Defense,9.13127650865162,-7.328183734803362
78,1,802,339,Player,red,Defense,3.0322016622960373,6.046772957328641
78,2,582,353,Player,red,Defense,0.3288823369069012,6.521795411173263
78,3,609,177,Player,red,Defense,-0.7050015446801562,-7.415955724072068
78,4,924,184,Player,red,Defense,4.412015034263653,-6.109641742660066
78,5,405,104,Player,red,Defense,-5.235852666656793,-16.339054444794165
78,6,1079,315,Player,red,Defense,6.640728598183797,4.987947985810684
78,7,865,105,Player,red,Defense,3.1776876717486044,-15.375826763531832
78,8,132,106,Player,red,Defense,-10.032403906352346,-16.55327389292432
78,9,1049,276,Player,red,Defense,6.292062829241023,2.146488420894728
78,11,1064,195,Player,red,Defense,6.664367933529522,-4.754804865505303
78,14,20,188,Player,red,Defense,-9.699190794301517,-7.383902575383266
78,40,1206,167,Player,red,Defense,9.13127650865162,-7.328183734803362
79,1,811,338,Player,red,Defense,3.1443733305193664,5.999655481949887
79,2,590,350,Player,red,Defense,0.4091431144282877,6.351319283287676
79,3,611,176,Player,red,Defense,-0.6829553107457472,-7.515301396721869
79,4,930,184,Player,red,Defense,4.509184357518863,-6.098199669066598
79,5,405,104,Player,red,Defense,-5.235852666656793,-16.339054444794165
79,6,1080,315,Player,red,Defense,6.654126929352436,4.989823450706854
79,7,865,105,Player,red,Defense,3.1776876717486044,-15.375826763531832
79,8,132,106,Player,red,Defense,-10.032403906352346,-16.55327389292432
79,9,1049,276,Player,red,Defense,6.292062829241023,2.146488420894728
79,11,1064,195,Player,red,Defense,6.664367933529522,-4.754804865505303
79,14,20,188,Player,red,Defense,-9.699190794301517,-7.383902575383266
79,40,1206,167,Player,red,Defense,9.13127650865162,-7.328183734803362
80,1,821,339,Player,red,Defense,3.2751200461600316,6.081561091601362
80,2,598,349,Player,red,Defense,0.5025910837342304,6.303798534275
80,3,612,176,Player,red,Defense,-0.6668857692207439,-7.5134361051426675
80,4,935,183,Player,red,Defense,4.588987318266297,-6.189424508240336
80,5,405,104,Player,red,Defense,-5.235852666656793,-16.339054444794165
80,6,1079,315,Player,red,Defense,6.640728598183797,4.987947985810684
80,7,865,105,Player,red,Defense,3.1776876717486044,-15.375826763531832
80,8,132,106,Player,red,Defense,-10.032403906352346,-16.55327389292432
80,9,1049,276,Player,red,Defense,6.292062829241023,2.146488420894728
80,11,1064,195,Player,red,Defense,6.664367933529522,-4.754804865505303
80,14,20,188,Player,red,Defense,-9.699190794301517,-7.383902575383266
80,40,1206,167,Player,red,Defense,9.13127650865162,-7.328183734803362
81,1,825,339,Player,red,Defense,3.3262918364547374,6.088889359982831
81,2,605,349,Player,red,Defense,0.5899630588718349,6.316423394934315
81,3,612,176,Player,red,Defense,-0.6668857692207439,-7.5134361051426675
81,4,936,183,Player,red,Defense,4.605218529987369,-6.187516582598266
81,5,405,104,Player,red,Defense,-5.235852666656793,-16.339054444794165
81,6,1079,315,Player,red,Defense,6.640728598183797,4.987947985810684
81,7,864,105,Player,red,Defense,3.159119446980688,-15.377663398037184
81,8,132,105,Player,red,Defense,-10.061111358132075,-16.685313018229515
81,9,1049,276,Player,red,Defense,6.292062829241023,2.146488420894728
81,11,1065,195,Player,red,Defense,6.680414800018439,-4.752879422488064
81,14,20,188,Player,red,Defense,-9.699190794301517,-7.383902575383266
81,40,1206,167,Player,red,Defense,9.13127650865162,-7.328183734803362
82,1,826,339,Player,red,Defense,3.3390864741159025,6.090721669114184
82,2,609,348,Player,red,Defense,0.6338263565548578,6.2615488233600285
82,3,611,176,Player,red,Defense,-0.6829553107457472,-7.515301396721869
82,4,941,184,Player,red,Defense,4.687429210690144,-6.077210629940674
82,5,405,104,Player,red,Defense,-5.235852666656793,-16.339054444794165
82,6,1079,315,Player,red,Defense,6.640728598183797,4.987947985810684
82,7,865,105,Player,red,Defense,3.1776876717486044,-15.375826763531832
82,8,132,105,Player,red,Defense,-10.061111358132075,-16.685313018229515
82,9,1049,276,Player,red,Defense,6.292062829241023,2.146488420894728
82,11,1065,195,Player,red,Defense,6.680414800018439,-4.752879422488064
82,14,20,188,Player,red,Defense,-9.699190794301517,-7.383902575383266
82,40,1206,167,Player,red,Defense,9.13127650865162,-7.328183734803362
83,1,828,339,Player,red,Defense,3.3646777779183465,6.094386577873794
83,2,610,348,Player,red,Defense,0.6463293518229535,6.263353861061879
83,3,611,177,Player,red,Defense,-0.6729188633726259,-7.4122248795542145
83,4,946,184,Player,red,Defense,4.768492878976551,-6.067665061162206
83,5,405,104,Player,red,Defense,-5.235852666656793,-16.339054444794165
83,6,1079,315,Player,red,Defense,6.640728598183797,4.987947985810684
83,7,865,105,Player,red,Defense,3.1776876717486044,-15.375826763531832
83,8,132,105,Player,red,Defense,-10.061111358132075,-16.685313018229515
83,9,1049,276,Player,red,Defense,6.292062829241023,2.146488420894728
83,11,1065,195,Player,red,Defense,6.680414800018439,-4.752879422488064
83,14,20,188,Player,red,Defense,-9.699190794301517,-7.383902575383266
83,40,1206,167,Player,red,Defense,9.13127650865162,-7.328183734803362
84,1,829,338,Player,red,Defense,3.37491412394424,6.032640940739062
84,2,610,348,Player,red,Defense,0.6463293518229535,6.263353861061879
84,3,611,176,Player,red,Defense,-0.6829553107457472,-7.515301396721869
84,4,951,184,Player,red,Defense,4.849583616532638,-6.058116304869766
84,5,405,104,Player,red,Defense,-5.235852666656793,-16.339054444794165
84,6,1079,315,Player,red,Defense,6.640728598183797,4.987947985810684
84,7,864,105,Player,red,Defense,3.159119446980688,-15.377663398037184
84,8,132,105,Player,red,Defense,-10.061111358132075,-16.685313018229515
84,9,1049,276,Player,red,Defense,6.292062829241023,2.146488420894728
84,11,1064,195,Player,red,Defense,6.664367933529522,-4.754804865505303
84,14,20,188,Player,red,Defense,-9.699190794301517,-7.383902575383266
84,40,1206,167,Player,red,Defense,9.13127650865162,-7.328183734803362
84,0,914,159,Ball,blue,Ball,4.20404323531286,-8.753254743864334
85,1,832,339,Player,red,Defense,3.415868500944641,6.101717557595583
85,2,610,348,Player,red,Defense,0.6463293518229535,6.263353861061879
85,3,610,176,Player,red,Defense,-0.6990237768976248,-7.517166563475827
85,4,956,184,Player,red,Defense,4.930701436919369,-6.048564359466492
85,5,405,104,Player,red,Defense,-5.235852666656793,-16.339054444794165
85,6,1080,315,Player,red,Defense,6.654126929352436,4.989823450706854
85,7,865,105,Player,red,Defense,3.1776876717486044,-15.375826763531832
85,8,132,106,Player,red,Defense,-10.032403906352346,-16.55327389292432
85,9,1049,276,Player,red,Defense,6.292062829241023,2.146488420894728
85,11,1065,195,Player,red,Defense,6.680414800018439,-4.752879422488064
85,14,20,188,Player,red,Defense,-9.699190794301517,-7.383902575383266
85,40,1206,168,Player,red,Defense,9.124635156669289,-7.221698335030581
85,65,156,106,Player,red,Defense,-9.61117691859135,-16.51149358981909
85,0,908,164,Ball,blue,Ball,4.113166702226368,-8.221567197508048
86,1,838,339,Player,red,Defense,3.492674880472457,6.112716933606216
86,2,612,348,Player,red,Defense,0.6713372902472826,6.266964217679117
86,3,609,175,Player,red,Defense,-0.7252147165343358,-7.622454072140953
86,4,960,184,Player,red,Defense,4.995615201985571,-6.040920505910303
86,5,404,104,Player,red,Defense,-5.253815791270954,-16.340826279375666
86,6,1080,315,Player,red,Defense,6.654126929352436,4.989823450706854
86,7,865,105,Player,red,Defense,3.1776876717486044,-15.375826763531832
86,8,132,106,Player,red,Defense,-10.032403906352346,-16.55327389292432
86,9,1050,276,Player,red,Defense,6.306199965417532,2.148386267844802
86,11,1066,195,Player,red,Defense,6.696462722794077,-4.750953852728331
86,14,20,188,Player,red,Defense,-9.699190794301517,-7.383902575383266
86,40,1206,168,Player,red,Defense,9.124635156669289,-7.221698335030581
86,65,156,106,Player,red,Defense,-9.61117691859135,-16.51149358981909
86,0,901,170,Ball,blue,Ball,4.009528740010396,-7.5954673915107564
87,1,842,339,Player,red,Defense,3.543892668490252,6.120051789282321
87,2,612,349,Player,red,Defense,0.6773667540386711,6.329052838996356
87,3,607,176,Player,red,Defense,-0.7472227241938633,-7.522761314911526
87,4,962,184,Player,red,Defense,5.028078589827132,-6.03709781310631
87,5,404,104,Player,red,Defense,-5.253815791270954,-16.340826279375666
87,6,1080,315,Player,red,Defense,6.654126929352436,4.989823450706854
87,7,865,105,Player,red,Defense,3.1776876717486044,-15.375826763531832
87,8,132,106,Player,red,Defense,-10.032403906352346,-16.55327389292432
87,9,1050,276,Player,red,Defense,6.306199965417532,2.148386267844802
87,11,1066,195,Player,red,Defense,6.696462722794077,-4.750953852728331
87,14,20,188,Player,red,Defense,-9.699190794301517,-7.383902575383266
87,40,1206,168,Player,red,Defense,9.124635156669289,-7.221698335030581
87,65,156,106,Player,red,Defense,-9.61117691859135,-16.51149358981909
87,0,894,177,Ball,blue,Ball,3.9104129331348174,-6.879236438139538
88,1,845,339,Player,red,Defense,3.582313117820214,6.125553949015347
88,2,614,349,Player,red,Defense,0.7023450669173121,6.3326620937843
88,3,606,176,Player,red,Defense,-0.7632868899325219,-7.524625982489787
88,4,964,184,Player,red,Defense,5.060546315700057,-6.033274609481902
88,5,404,104,Player,red,Defense,-5.253815791270954,-16.340826279375666
88,6,1080,315,Player,red,Defense,6.654126929352436,4.989823450706854
88,7,865,105,Player,red,Defense,3.1776876717486044,-15.375826763531832
88,8,132,106,Player,red,Defense,-10.032403906352346,-16.55327389292432
88,9,1050,276,Player,red,Defense,6.306199965417532,2.148386267844802
88,11,1066,195,Player,red,Defense,6.696462722794077,-4.750953852728331
88,14,20,188,Player,red,Defense,-9.699190794301517,-7.383902575383266
88,40,1206,168,Player,red,Defense,9.124635156669289,-7.221698335030581
88,65,156,106,Player,red,Defense,-9.61117691859135,-16.51149358981909
88,0,650,296,Ball,blue,Ball,0.8444694632124196,2.8692708690309976
89,1,846,339,Player,red,Defense,3.5951212885149526,6.12738819620088
89,2,618,349,Player,red,Defense,0.7523094666885289,6.339881726670526
89,3,606,176,Player,red,Defense,-0.7632868899325219,-7.524625982489787
89,4,966,185,Player,red,Defense,5.09337551879153,-5.929019549247861
89,5,404,104,Player,red,Defense,-5.253815791270954,-16.340826279375666
89,6,1080,315,Player,red,Defense,6.654126929352436,4.989823450706854
89,7,865,105,Player,red,Defense,3.1776876717486044,-15.375826763531832
89,8,132,107,Player,red,Defense,-10.00380350860795,-16.421727159674454
89,9,1050,276,Player,red,Defense,6.306199965417532,2.148386267844802
89,11,1066,195,Player,red,Defense,6.696462722794077,-4.750953852728331
89,14,20,188,Player,red,Defense,-9.699190794301517,-7.383902575383266
89,40,1206,168,Player,red,Defense,9.124635156669289,-7.221698335030581
89,65,156,106,Player,red,Defense,-9.61117691859135,-16.51149358981909
90,1,848,339,Player,red,Defense,3.620739661603787,6.131056981529873
90,2,622,349,Player,red,Defense,0.8022842345002775,6.347102857692354
90,3,606,176,Player,red,Defense,-0.7632868899325219,-7.524625982489787
90,4,966,185,Player,red,Defense,5.09337551879153,-5.929019549247861
90,5,404,104,Player,red,Defense,-5.253815791270954,-16.340826279375666
90,6,1079,315,Player,red,Defense,6.640728598183797,4.987947985810684
90,7,865,105,Player,red,Defense,3.1776876717486044,-15.375826763531832
90,8,132,107,Player,red,Defense,-10.00380350860795,-16.421727159674454
90,9,1050,276,Player,red,Defense,6.306199965417532,2.148386267844802
90,11,1066,195,Player,red,Defense,6.696462722794077,-4.750953852728331
90,14,20,188,Player,red,Defense,-9.699190794301517,-7.383902575383266
90,40,1206,168,Player,red,Defense,9.124635156669289,-7.221698335030581
90,65,156,106,Player,red,Defense,-9.61117691859135,-16.51149358981909
90,0,652,291,Ball,blue,Ball,0.8400996720116838,2.5129017742136086
91,1,848,339,Player,red,Defense,3.620739661603787,6.131056981529873
91,2,624,348,Player,red,Defense,0.8214394829104179,6.28863423442932
91,3,607,176,Player,red,Defense,-0.7472227241938633,-7.522761314911526
91,4,964,184,Player,red,Defense,5.060546315700057,-6.033274609481902
91,5,404,104,Player,red,Defense,-5.253815791270954,-16.340826279375666
91,6,1079,315,Player,red,Defense,6.640728598183797,4.987947985810684
91,7,865,105,Player,red,Defense,3.1776876717486044,-15.375826763531832
91,8,132,107,Player,red,Defense,-10.00380350860795,-16.421727159674454
91,9,1050,276,Player,red,Defense,6.306199965417532,2.148386267844802
91,11,1066,195,Player,red,Defense,6.696462722794077,-4.750953852728331
91,14,20,188,Player,red,Defense,-9.699190794301517,-7.383902575383266
91,40,1206,168,Player,red,Defense,9.124635156669289,-7.221698335030581
91,0,651,291,Ball,blue,Ball,0.8265726881219434,2.5110549982055352
92,1,848,339,Player,red,Defense,3.620739661603787,6.131056981529873
92,2,625,345,Player,red,Defense,0.8164011882712813,6.103229208320068
92,3,607,176,Player,red,Defense,-0.7472227241938633,-7.522761314911526
92,4,962,183,Player,red,Defense,5.027611299126821,-6.137865699527086
92,5,404,104,Player,red,Defense,-5.253815791270954,-16.340826279375666
92,6,1079,315,Player,red,Defense,6.640728598183797,4.987947985810684
92,7,865,105,Player,red,Defense,3.1776876717486044,-15.375826763531832
92,8,132,106,Player,red,Defense,-10.032403906352346,-16.55327389292432
92,9,1050,276,Player,red,Defense,6.306199965417532,2.148386267844802
92,14,20,188,Player,red,Defense,-9.699190794301517,-7.383902575383266
92,40,1206,168,Player,red,Defense,9.124635156669289,-7.221698335030581
92,0,653,290,Ball,blue,Ball,0.8473463386239302,2.4421284112460775
93,1,848,340,Player,red,Defense,3.6229722972861214,6.194452562621534
93,2,625,348,Player,red,Defense,0.8339522226792553,6.290440678929369
93,3,607,177,Player,red,Defense,-0.7370799396686246,-7.4196860701406235
93,4,960,182,Player,red,Defense,4.994569956666789,-6.242794446618099
93,5,404,104,Player,red,Defense,-5.253815791270954,-16.340826279375666
93,6,1079,316,Player,red,Defense,6.638891895269324,5.055413476915648
93,7,865,105,Player,red,Defense,3.1776876717486044,-15.375826763531832
93,8,132,107,Player,red,Defense,-10.00380350860795,-16.421727159674454
93,9,1050,276,Player,red,Defense,6.306199965417532,2.148386267844802
93,14,20,188,Player,red,Defense,-9.699190794301517,-7.383902575383266
93,40,1208,168,Player,red,Defense,9.158562841083617,-7.217818629203893
93,0,654,289,Ball,blue,Ball,0.8546138867592595,2.3711511123599345
94,1,848,340,Player,red,Defense,3.6229722972861214,6.194452562621534
94,2,626,348,Player,red,Defense,0.8464656124864803,6.2922472172744355
94,3,607,179,Player,red,Defense,-0.7168959935982713,-7.214568316089214
94,4,955,181,Player,red,Defense,4.912495603614766,-6.353793216241743
94,5,404,104,Player,red,Defense,-5.253815791270954,-16.340826279375666
94,6,1079,316,Player,red,Defense,6.638891895269324,5.055413476915648
94,7,865,105,Player,red,Defense,3.1776876717486044,-15.375826763531832
94,8,132,107,Player,red,Defense,-10.00380350860795,-16.421727159674454
94,9,1050,276,Player,red,Defense,6.306199965417532,2.148386267844802
94,14,20,188,Player,red,Defense,-9.699190794301517,-7.383902575383266
94,40,1208,168,Player,red,Defense,9.158562841083617,-7.217818629203893
94,0,653,288,Ball,blue,Ball,0.8347308747358388,2.2962715693412847
95,1,846,339,Player,red,Defense,3.5951212885149526,6.12738819620088
95,2,626,349,Player,red,Defense,0.8522693735800828,6.354325487316156
95,3,608,180,Player,red,Defense,-0.690895043244764,-7.110656372507053
95,4,950,181,Player,red,Defense,4.830973881552003,-6.363341864803097
95,5,404,104,Player,red,Defense,-5.253815791270954,-16.340826279375666
95,6,1080,316,Player,red,Defense,6.652271731666734,5.057288211466541
95,7,865,106,Player,red,Defense,3.1817759570423862,-15.242597093903731
95,8,132,107,Player,red,Defense,-10.00380350860795,-16.421727159674454
95,9,1050,276,Player,red,Defense,6.306199965417532,2.148386267844802
95,14,20,188,Player,red,Defense,-9.699190794301517,-7.383902575383266
95,40,1208,168,Player,red,Defense,9.158562841083617,-7.217818629203893
95,0,652,286,Ball,blue,Ball,0.8084210281594463,2.147737436939815
96,1,847,338,Player,red,Defense,3.6056746204816283,6.065657834346585
96,2,626,349,Player,red,Defense,0.8522693735800828,6.354325487316156
96,3,607,180,Player,red,Defense,-0.7068544932239904,-7.11252236348413
96,4,948,180,Player,red,Defense,4.797516088609962,-6.468947186798289
96,5,404,104,Player,red,Defense,-5.253815791270954,-16.340826279375666
96,6,1079,316,Player,red,Defense,6.638891895269324,5.055413476915648
96,7,865,106,Player,red,Defense,3.1817759570423862,-15.242597093903731
96,8,132,107,Player,red,Defense,-10.00380350860795,-16.421727159674454
96,9,1050,276,Player,red,Defense,6.306199965417532,2.148386267844802
96,14,20,188,Player,red,Defense,-9.699190794301517,-7.383902575383266
96,40,1208,168,Player,red,Defense,9.158562841083617,-7.217818629203893
96,0,652,285,Ball,blue,Ball,0.8020312979275449,2.074082086781066
97,1,846,336,Player,red,Defense,3.5882857406950404,5.936184028561425
97,2,625,348,Player,red,Defense,0.8339522226792553,6.290440678929369
97,3,607,180,Player,red,Defense,-0.7068544932239904,-7.11252236348413
97,4,946,180,Player,red,Defense,4.764864532392378,-6.472764831477074
97,5,404,104,Player,red,Defense,-5.253815791270954,-16.340826279375666
97,6,1079,316,Player,red,Defense,6.638891895269324,5.055413476915648
97,7,865,106,Player,red,Defense,3.1817759570423862,-15.242597093903731
97,8,132,107,Player,red,Defense,-10.00380350860795,-16.421727159674454
97,9,1050,276,Player,red,Defense,6.306199965417532,2.148386267844802
97,11,1066,196,Player,red,Defense,6.694171654413369,-4.654120726353539
97,14,20,188,Player,red,Defense,-9.699190794301517,-7.383902575383266
97,40,1208,168,Player,red,Defense,9.158562841083617,-7.217818629203893
97,0,651,285,Ball,blue,Ball,0.788390100473594,2.072231997055741
98,1,846,335,Player,red,Defense,3.585995074021385,5.872109425294129
98,2,625,347,Player,red,Defense,0.8281171431820558,6.228199685697857
98,3,608,179,Player,red,Defense,-0.7009102267579623,-7.2127026061628685
98,4,942,180,Player,red,Defense,4.699574588075605,-6.480398581208269
98,5,404,104,Player,red,Defense,-5.253815791270954,-16.340826279375666
98,6,1079,316,Player,red,Defense,6.638891895269324,5.055413476915648
98,7,865,106,Player,red,Defense,3.1817759570423862,-15.242597093903731
98,8,132,107,Player,red,Defense,-10.00380350860795,-16.421727159674454
98,9,1050,276,Player,red,Defense,6.306199965417532,2.148386267844802
98,11,1066,196,Player,red,Defense,6.694171654413369,-4.654120726353539
98,14,20,188,Player,red,Defense,-9.699190794301517,-7.383902575383266
98,40,1208,168,Player,red,Defense,9.158562841083617,-7.217818629203893
98,0,650,284,Ball,blue,Ball,0.7683033210944445,1.9965160273980636
99,1,844,333,Player,red,Defense,3.5555749962824046,5.739768952077762
99,2,624,345,Player,red,Defense,0.8038398050741298,6.101420556832346
99,3,608,179,Player,red,Defense,-0.7009102267579623,-7.2127026061628685
99,4,938,180,Player,red,Defense,4.634302195350151,-6.488030278794118
99,5,404,104,Player,red,Defense,-5.253815791270954,-16.340826279375666
99,6,1079,316,Player,red,Defense,6.638891895269324,5.055413476915648
99,7,865,106,Player,red,Defense,3.1817759570423862,-15.242597093903731
99,8,132,108,Player,red,Defense,-9.97530956718453,-16.290670069309417
99,9,1050,276,Player,red,Defense,6.306199965417532,2.148386267844802
99,11,1066,196,Player,red,Defense,6.694171654413369,-4.654120726353539
99,14,20,188,Player,red,Defense,-9.699190794301517,-7.383902575383266
99,40,1208,168,Player,red,Defense,9.158562841083617,-7.217818629203893
99,0,650,283,Ball,blue,Ball,0.7618386006816095,1.922439595492603
100,1,844,333,Player,red,Defense,3.5555749962824046,5.739768952077762
100,2,623,344,Player,red,Defense,0.7853654860367181,6.0368797740926015
100,3,608,179,Player,red,Defense,-0.7009102267579623,-7.2127026061628685
100,4,937,180,Player,red,Defense,4.617986838775568,-6.489937882639839
100,5,404,104,Player,red,Defense,-5.253815791270954,-16.340826279375666
100,6,1079,316,Player,red,Defense,6.638891895269324,5.055413476915648
100,7,865,105,Player,red,Defense,3.1776876717486044,-15.375826763531832
100,8,132,105,Player,red,Defense,-10.061111358132075,-16.685313018229515
100,9,1050,276,Player,red,Defense,6.306199965417532,2.148386267844802
100,11,1066,197,Player,red,Defense,6.691888126190836,-4.557606288454168
100,14,20,188,Player,red,Defense,-9.699190794301517,-7.383902575383266
100,40,1206,167,Player,red,Defense,9.13127650865162,-7.328183734803362
100,65,152,100,Player,red,Defense,-9.851455193619227,-17.318388402204633
100,0,650,283,Ball,blue,Ball,0.7618386006816095,1.922439595492603
101,1,844,333,Player,red,Defense,3.5555749962824046,5.739768952077762
101,2,622,343,Player,red,Defense,0.7668436788099494,5.972173089437556
101,3,604,178,Player,red,Defense,-0.7750011915876257,-7.3225511496496445
101,4,935,179,Player,red,Defense,4.584141946930414,-6.595880504339195
101,5,404,104,Player,red,Defense,-5.253815791270954,-16.340826279375666
101,6,1079,316,Player,red,Defense,6.638891895269324,5.055413476915648
101,7,864,105,Player,red,Defense,3.159119446980688,-15.377663398037184
101,8,132,104,Player,red,Defense,-10.089926466144476,-16.817847305379967
101,9,1050,276,Player,red,Defense,6.306199965417532,2.148386267844802
101,11,1065,197,Player,red,Defense,6.675893167223838,-4.559531863570734
101,14,20,188,Player,red,Defense,-9.699190794301517,-7.383902575383266
101,40,1206,166,Player,red,Defense,9.137941004991553,-7.435040224104061
101,65,150,100,Player,red,Defense,-9.886961310699776,-17.321851129494895
101,0,650,282,Ball,blue,Ball,0.75535543574282,1.848151815750917
102,1,844,332,Player,red,Defense,3.553231471644988,5.675177587742421
102,2,621,342,Player,red,Defense,0.7482742000557847,5.90729986236835
102,3,600,178,Player,red,Defense,-0.8390263878905161,-7.330010079718079
102,4,932,178,Player,red,Defense,4.533822202810484,-6.704073663736904
102,5,404,104,Player,red,Defense,-5.253815791270954,-16.340826279375666
102,6,1079,316,Player,red,Defense,6.638891895269324,5.055413476915648
102,7,864,105,Player,red,Defense,3.159119446980688,-15.377663398037184
102,8,132,104,Player,red,Defense,-10.089926466144476,-16.817847305379967
102,9,1050,276,Player,red,Defense,6.306199965417532,2.148386267844802
102,11,1066,197,Player,red,Defense,6.691888126190836,-4.557606288454168
102,14,20,188,Player,red,Defense,-9.699190794301517,-7.383902575383266
102,40,1206,166,Player,red,Defense,9.137941004991553,-7.435040224104061
102,65,150,99,Player,red,Defense,-9.915739039329624,-17.456936313546688
102,0,650,281,Ball,blue,Ball,0.748853747229051,1.773651782384502
102,77,132,138,Player,red,Defense,-9.167201300673463,-12.573798593542659
103,1,842,332,Player,red,Defense,3.52737942236771,5.671499148587568
103,2,620,342,Player,red,Defense,0.7356664343625018,5.905489404302902
103,3,594,179,Player,red,Defense,-0.924614153029385,-7.238811246428695
103,4,926,178,Player,red,Defense,4.435655671785974,-6.715510056473736
103,5,404,104,Player,red,Defense,-5.253815791270954,-16.340826279375666
103,6,1079,316,Player,red,Defense,6.638891895269324,5.055413476915648
103,7,864,105,Player,red,Defense,3.159119446980688,-15.377663398037184
103,8,132,104,Player,red,Defense,-10.089926466144476,-16.817847305379967
103,9,1050,276,Player,red,Defense,6.306199965417532,2.148386267844802
103,11,1065,197,Player,red,Defense,6.675893167223838,-4.559531863570734
103,14,20,188,Player,red,Defense,-9.699190794301517,-7.383902575383266
103,40,1206,166,Player,red,Defense,9.137941004991553,-7.435040224104061
103,65,150,99,Player,red,Defense,-9.915739039329624,-17.456936313546688
103,77,132,138,Player,red,Defense,-9.167201300673463,-12.573798593542659
103,0,578,209,Ball,blue,Ball,-0.8708581948661998,-4.348526044572637
104,1,838,332,Player,red,Defense,3.4756836000314757,5.664143447885301
104,2,618,342,Player,red,Defense,0.7104528829688779,5.901868772496307
104,3,588,179,Player,red,Defense,-1.0204234742003726,-7.249993218700076
104,4,922,177,Player,red,Defense,4.368648045491741,-6.825948998089332
104,5,404,104,Player,red,Defense,-5.253815791270954,-16.340826279375666
104,6,1079,316,Player,red,Defense,6.638891895269324,5.055413476915648
104,7,864,105,Player,red,Defense,3.159119446980688,-15.377663398037184
104,8,132,104,Player,red,Defense,-10.089926466144476,-16.817847305379967
104,9,1050,276,Player,red,Defense,6.306199965417532,2.148386267844802
104,11,1065,197,Player,red,Defense,6.675893167223838,-4.559531863570734
104,14,20,187,Player,red,Defense,-9.72345022882025,-7.48313692428498
104,40,1206,166,Player,red,Defense,9.137941004991553,-7.435040224104061
104,65,150,99,Player,red,Defense,-9.915739039329624,-17.456936313546688
104,77,132,138,Player,red,Defense,-9.167201300673463,-12.573798593542659
104,0,566,199,Ball,blue,Ball,-1.1558656475315423,-5.3128411813637015
105,1,836,332,Player,red,Defense,3.449839826089392,5.660466186212229
105,2,616,343,Player,red,Defense,0.6913012682793018,5.961315545714056
105,3,582,180,Player,red,Defense,-1.1054962762204068,-7.159131862628861
105,4,918,176,Player,red,Defense,4.301431262502184,-6.936732662318473
105,5,404,104,Player,red,Defense,-5.253815791270954,-16.340826279375666
105,6,1079,316,Player,red,Defense,6.638891895269324,5.055413476915648
105,7,864,105,Player,red,Defense,3.159119446980688,-15.377663398037184
105,8,132,104,Player,red,Defense,-10.089926466144476,-16.817847305379967
105,9,1050,276,Player,red,Defense,6.306199965417532,2.148386267844802
105,11,1066,197,Player,red,Defense,6.691888126190836,-4.557606288454168
105,14,20,187,Player,red,Defense,-9.72345022882025,-7.48313692428498
105,40,1206,166,Player,red,Defense,9.137941004991553,-7.435040224104061
105,65,150,98,Player,red,Defense,-9.944625990011748,-17.59253419549843
105,77,132,138,Player,red,Defense,-9.167201300673463,-12.573798593542659
106,1,833,332,Player,red,Defense,3.41107933546727,5.65495102937354
106,2,613,343,Player,red,Defense,0.6535389478826639,5.955888050854852
106,3,578,179,Player,red,Defense,-1.1800207075595475,-7.268619922409068
106,4,912,174,Player,red,Defense,4.199270698636634,-7.15553525318235
106,5,404,104,Player,red,Defense,-5.253815791270954,-16.340826279375666
106,6,1079,316,Player,red,Defense,6.638891895269324,5.055413476915648
106,7,864,105,Player,red,Defense,3.159119446980688,-15.377663398037184
106,8,132,104,Player,red,Defense,-10.089926466144476,-16.817847305379967
106,9,1050,276,Player,red,Defense,6.306199965417532,2.148386267844802
106,11,1066,197,Player,red,Defense,6.691888126190836,-4.557606288454168
106,14,20,187,Player,red,Defense,-9.72345022882025,-7.48313692428498
106,40,1206,166,Player,red,Defense,9.137941004991553,-7.435040224104061
106,77,132,138,Player,red,Defense,-9.167201300673463,-12.573798593542659
107,1,831,333,Player,red,Defense,3.3878096371872077,5.7158756849705545
107,2,612,343,Player,red,Defense,0.6409528236832731,5.954079075037899
107,3,572,182,Player,red,Defense,-1.242956120630119,-6.974698055843574
107,4,906,173,Player,red,Defense,4.0985161344117635,-7.271168206799605
107,5,404,104,Player,red,Defense,-5.253815791270954,-16.340826279375666
107,6,1079,316,Player,red,Defense,6.638891895269324,5.055413476915648
107,7,864,105,Player,red,Defense,3.159119446980688,-15.377663398037184
107,8,132,104,Player,red,Defense,-10.089926466144476,-16.817847305379967
107,9,1050,275,Player,red,Defense,6.3076572524116115,2.072806332494146
107,11,1066,197,Player,red,Defense,6.691888126190836,-4.557606288454168
107,14,20,187,Player,red,Defense,-9.72345022882025,-7.48313692428498
107,40,1206,166,Player,red,Defense,9.137941004991553,-7.435040224104061
107,77,132,138,Player,red,Defense,-9.167201300673463,-12.573798593542659
108,1,830,333,Player,red,Defense,3.3749094220488334,5.7140384267445175
108,2,611,342,Player,red,Defense,0.6222262375765236,5.88919954579715
108,3,566,183,Player,red,Defense,-1.327148462526078,-6.884846843437502
108,4,902,173,Player,red,Defense,4.032626782544615,-7.2787741597523565
108,5,404,104,Player,red,Defense,-5.253815791270954,-16.340826279375666
108,6,1079,316,Player,red,Defense,6.638891895269324,5.055413476915648
108,7,864,105,Player,red,Defense,3.159119446980688,-15.377663398037184
108,8,132,105,Player,red,Defense,-10.061111358132075,-16.685313018229515
108,9,1050,275,Player,red,Defense,6.3076572524116115,2.072806332494146
108,11,1066,197,Player,red,Defense,6.691888126190836,-4.557606288454168
108,14,20,187,Player,red,Defense,-9.72345022882025,-7.48313692428498
108,40,1206,166,Player,red,Defense,9.137941004991553,-7.435040224104061
108,77,132,138,Player,red,Defense,-9.167201300673463,-12.573798593542659
108,0,518,166,Ball,blue,Ball,-2.300015948155876,-8.737980931457516
109,1,828,334,Player,red,Defense,3.351722816708154,5.77479494198714
109,2,608,341,Player,red,Defense,0.578218247349464,5.820532678299058
109,3,558,183,Player,red,Defense,-1.453815139422772,-6.899736095392326
109,4,899,173,Player,red,Defense,3.983221515836633,-7.2844772684269845
109,5,404,104,Player,red,Defense,-5.253815791270954,-16.340826279375666
109,6,1079,316,Player,red,Defense,6.638891895269324,5.055413476915648
109,7,864,105,Player,red,Defense,3.159119446980688,-15.377663398037184
109,8,132,104,Player,red,Defense,-10.089926466144476,-16.817847305379967
109,9,1050,275,Player,red,Defense,6.3076572524116115,2.072806332494146
109,11,1066,197,Player,red,Defense,6.691888126190836,-4.557606288454168
109,14,20,187,Player,red,Defense,-9.72345022882025,-7.48313692428498
109,40,1206,166,Player,red,Defense,9.137941004991553,-7.435040224104061
109,77,132,138,Player,red,Defense,-9.167201300673463,-12.573798593542659
109,0,506,160,Ball,blue,Ball,-2.575224012061512,-9.407307436672001
110,1,825,334,Player,red,Defense,3.313081832667321,5.769286552871446
110,2,602,342,Player,red,Defense,0.5088394642368491,5.872917358825886
110,3,548,185,Player,red,Defense,-1.5892218948629682,-6.7173022825102136
110,4,895,172,Player,red,Defense,3.914993414519155,-7.396650278508991
110,5,404,104,Player,red,Defense,-5.253815791270954,-16.340826279375666
110,6,1079,316,Player,red,Defense,6.638891895269324,5.055413476915648
110,7,864,105,Player,red,Defense,3.159119446980688,-15.377663398037184
110,8,132,104,Player,red,Defense,-10.089926466144476,-16.817847305379967
110,9,1050,276,Player,red,Defense,6.306199965417532,2.148386267844802
110,11,1066,197,Player,red,Defense,6.691888126190836,-4.557606288454168
110,14,20,187,Player,red,Defense,-9.72345022882025,-7.48313692428498
110,40,1206,166,Player,red,Defense,9.137941004991553,-7.435040224104061
110,65,151,101,Player,red,Defense,-9.84057221689618,-17.185542647223375
110,77,132,138,Player,red,Defense,-9.167201300673463,-12.573798593542659
111,1,820,333,Player,red,Defense,3.2459450588756145,5.695671226309173
111,2,596,340,Player,red,Defense,0.42045486892817857,5.7354058796470815
111,3,540,184,Player,red,Defense,-1.7269294941869564,-6.832526833629298
111,4,891,172,Player,red,Defense,3.8490412726881535,-7.404249291871487
111,5,404,104,Player,red,Defense,-5.253815791270954,-16.340826279375666
111,6,1078,316,Player,red,Defense,6.625512793195556,5.053538845255543
111,7,864,105,Player,red,Defense,3.159119446980688,-15.377663398037184
111,8,132,104,Player,red,Defense,-10.089926466144476,-16.817847305379967
111,9,1050,276,Player,red,Defense,6.306199965417532,2.148386267844802
111,11,1066,197,Player,red,Defense,6.691888126190836,-4.557606288454168
111,14,20,187,Player,red,Defense,-9.72345022882025,-7.48313692428498
111,40,1206,166,Player,red,Defense,9.137941004991553,-7.435040224104061
111,65,151,100,Player,red,Defense,-9.869208921251287,-17.32011983110281
111,77,132,138,Player,red,Defense,-9.167201300673463,-12.573798593542659
111,0,484,153,Ball,blue,Ball,-3.0357782811890597,-10.219842097119024
112,1,814,333,Player,red,Defense,3.168599404846291,5.684655600787483
112,2,586,341,Player,red,Defense,0.3008279746656809,5.780735729893467
112,3,538,184,Player,red,Defense,-1.7584966439235346,-6.836243990838198
112,4,888,172,Player,red,Defense,3.799588940360745,-7.409947195286445
112,5,404,104,Player,red,Defense,-5.253815791270954,-16.340826279375666
112,6,1078,316,Player,red,Defense,6.625512793195556,5.053538845255543
112,7,864,105,Player,red,Defense,3.159119446980688,-15.377663398037184
112,8,132,105,Player,red,Defense,-10.061111358132075,-16.685313018229515
112,9,1050,276,Player,red,Defense,6.306199965417532,2.148386267844802
112,11,1066,196,Player,red,Defense,6.694171654413369,-4.654120726353539
112,14,20,187,Player,red,Defense,-9.72345022882025,-7.48313692428498
112,40,1206,166,Player,red,Defense,9.137941004991553,-7.435040224104061
112,65,151,100,Player,red,Defense,-9.869208921251287,-17.32011983110281
112,77,132,138,Player,red,Defense,-9.167201300673463,-12.573798593542659
112,0,474,150,Ball,blue,Ball,-3.2458951238768146,-10.574821178690103
113,1,806,333,Player,red,Defense,3.065510299424467,5.669973573788754
113,2,580,342,Player,red,Defense,0.23189646695065924,5.8331487197740515
113,3,534,185,Player,red,Defense,-1.8098618155480675,-6.74332908451224
113,4,884,172,Player,red,Defense,3.7336681901139968,-7.41754259170699
113,5,404,104,Player,red,Defense,-5.253815791270954,-16.340826279375666
113,6,1078,316,Player,red,Defense,6.625512793195556,5.053538845255543
113,7,864,105,Player,red,Defense,3.159119446980688,-15.377663398037184
113,8,132,105,Player,red,Defense,-10.061111358132075,-16.685313018229515
113,9,1050,276,Player,red,Defense,6.306199965417532,2.148386267844802
113,11,1066,197,Player,red,Defense,6.691888126190836,-4.557606288454168
113,14,20,187,Player,red,Defense,-9.72345022882025,-7.48313692428498
113,40,1206,166,Player,red,Defense,9.137941004991553,-7.435040224104061
113,65,151,100,Player,red,Defense,-9.869208921251287,-17.32011983110281
113,77,132,138,Player,red,Defense,-9.167201300673463,-12.573798593542659
113,0,464,148,Ball,blue,Ball,-3.4427202544124214,-10.81951623815268
114,1,800,333,Player,red,Defense,2.988222279977209,5.6589661566270735
114,2,573,342,Player,red,Defense,0.14384504828130812,5.820504655394822
114,3,528,186,Player,red,Defense,-1.892488412818487,-6.654460156538653
114,4,884,172,Player,red,Defense,3.7336681901139968,-7.41754259170699
114,5,404,104,Player,red,Defense,-5.253815791270954,-16.340826279375666
114,6,1078,316,Player,red,Defense,6.625512793195556,5.053538845255543
114,7,864,106,Player,red,Defense,3.163243234198705,-15.24443530180653
114,8,132,106,Player,red,Defense,-10.032403906352346,-16.55327389292432
114,9,1050,276,Player,red,Defense,6.306199965417532,2.148386267844802
114,11,1066,197,Player,red,Defense,6.691888126190836,-4.557606288454168
114,14,20,187,Player,red,Defense,-9.72345022882025,-7.48313692428498
114,40,1206,166,Player,red,Defense,9.137941004991553,-7.435040224104061
114,65,151,101,Player,red,Defense,-9.84057221689618,-17.185542647223375
114,77,132,138,Player,red,Defense,-9.167201300673463,-12.573798593542659
114,0,454,147,Ball,blue,Ball,-3.6250915760922604,-10.95159381606667
115,1,796,334,Player,red,Defense,2.9398699965087545,5.716084077127769
115,2,566,343,Player,red,Defense,0.06270144384731129,5.870968282098675
115,3,518,187,Player,red,Defense,-2.0375602380208333,-6.573345964529006
115,4,882,172,Player,red,Defense,3.7007145384426754,-7.421339515240348
115,5,404,104,Player,red,Defense,-5.253815791270954,-16.340826279375666
115,6,1079,316,Player,red,Defense,6.638891895269324,5.055413476915648
115,7,864,106,Player,red,Defense,3.163243234198705,-15.24443530180653
115,8,132,106,Player,red,Defense,-10.032403906352346,-16.55327389292432
115,9,1050,276,Player,red,Defense,6.306199965417532,2.148386267844802
115,11,1066,196,Player,red,Defense,6.694171654413369,-4.654120726353539
115,14,20,188,Player,red,Defense,-9.699190794301517,-7.383902575383266
115,40,1206,166,Player,red,Defense,9.137941004991553,-7.435040224104061
115,65,151,101,Player,red,Defense,-9.84057221689618,-17.185542647223375
115,77,132,120,Player,red,Defense,-9.6414742361675,-14.755203757576844
115,0,444,147,Ball,blue,Ball,-3.791988506531395,-10.969884403135614
116,1,790,335,Player,red,Defense,2.865978700856567,5.769373924767676
116,2,560,343,Player,red,Defense,-0.012620282188587125,5.860142456869912
116,3,508,187,Player,red,Defense,-2.19436148701443,-6.591906776482284
116,4,880,172,Player,red,Defense,3.667765367853702,-7.425135922462881
116,5,404,104,Player,red,Defense,-5.253815791270954,-16.340826279375666
116,6,1078,316,Player,red,Defense,6.625512793195556,5.053538845255543
116,7,864,106,Player,red,Defense,3.163243234198705,-15.24443530180653
116,8,132,106,Player,red,Defense,-10.032403906352346,-16.55327389292432
116,9,1050,276,Player,red,Defense,6.306199965417532,2.148386267844802
116,11,1066,196,Player,red,Defense,6.694171654413369,-4.654120726353539
116,14,20,188,Player,red,Defense,-9.699190794301517,-7.383902575383266
116,40,1205,166,Player,red,Defense,9.120919353293539,-7.4369792244862625
116,65,154,103,Player,red,Defense,-9.730647430712983,-16.912695639620743
116,77,132,118,Player,red,Defense,-9.696096876798102,-15.006439072576757
116,0,433,149,Ball,blue,Ball,-3.9430040666599075,-10.76288605995178
117,1,783,337,Player,red,Defense,2.782844787247691,5.884625694536768
117,2,554,343,Player,red,Defense,-0.08791842082944332,5.849320021805313
117,3,494,186,Player,red,Defense,-2.42640638123235,-6.71755132057235
117,4,876,172,Player,red,Defense,3.6018804662672332,-7.432727188396673
117,5,404,104,Player,red,Defense,-5.253815791270954,-16.340826279375666
117,6,1079,315,Player,red,Defense,6.640728598183797,4.987947985810684
117,7,864,106,Player,red,Defense,3.163243234198705,-15.24443530180653
117,8,132,106,Player,red,Defense,-10.032403906352346,-16.55327389292432
117,9,1050,276,Player,red,Defense,6.306199965417532,2.148386267844802
117,11,1066,196,Player,red,Defense,6.694171654413369,-4.654120726353539
117,14,20,188,Player,red,Defense,-9.699190794301517,-7.383902575383266
117,40,1205,166,Player,red,Defense,9.120919353293539,-7.4369792244862625
117,65,156,104,Player,red,Defense,-9.667170060656082,-16.77614774392375
117,77,132,117,Player,red,Defense,-9.723558172227943,-15.13274653644105
117,0,422,150,Ball,blue,Ball,-4.109241347850894,-10.67004299184078
118,1,775,337,Player,red,Defense,2.680469132803268,5.869991325322264
118,2,548,344,Player,red,Defense,-0.15604331284014233,5.9014519106500885
118,3,481,188,Player,red,Defense,-2.6042304015202067,-6.5426099733057566
118,4,870,171,Player,red,Defense,3.5000071656773435,-7.549030077296028
118,5,404,104,Player,red,Defense,-5.253815791270954,-16.340826279375666
118,6,1079,315,Player,red,Defense,6.640728598183797,4.987947985810684
118,7,864,104,Player,red,Defense,3.1549797600448577,-15.511405169931354
118,8,132,106,Player,red,Defense,-10.032403906352346,-16.55327389292432
118,9,1050,276,Player,red,Defense,6.306199965417532,2.148386267844802
118,11,1066,196,Player,red,Defense,6.694171654413369,-4.654120726353539
118,14,20,188,Player,red,Defense,-9.699190794301517,-7.383902575383266
118,40,1205,166,Player,red,Defense,9.120919353293539,-7.4369792244862625
118,65,156,104,Player,red,Defense,-9.667170060656082,-16.77614774392375
118,77,132,117,Player,red,Defense,-9.723558172227943,-15.13274653644105
118,0,414,153,Ball,blue,Ball,-4.192116343593313,-10.348182001055385
119,1,770,339,Player,red,Defense,2.6236264581499897,5.988261251313439
119,2,548,345,Player,red,Defense,-0.1489123094872175,5.964238488394042
119,3,476,188,Player,red,Defense,-2.682328144095287,-6.551870497597648
119,4,864,171,Player,red,Defense,3.4010857073154743,-7.560406465956215
119,5,404,104,Player,red,Defense,-5.253815791270954,-16.340826279375666
119,6,1078,315,Player,red,Defense,6.627331003367464,4.986072623987267
119,7,864,104,Player,red,Defense,3.1549797600448577,-15.511405169931354
119,8,132,106,Player,red,Defense,-10.032403906352346,-16.55327389292432
119,9,1050,276,Player,red,Defense,6.306199965417532,2.148386267844802
119,11,1066,195,Player,red,Defense,6.696462722794077,-4.750953852728331
119,14,20,188,Player,red,Defense,-9.699190794301517,-7.383902575383266
119,40,1205,166,Player,red,Defense,9.120919353293539,-7.4369792244862625
119,65,156,104,Player,red,Defense,-9.667170060656082,-16.77614774392375
119,77,132,118,Player,red,Defense,-9.696096876798102,-15.006439072576757
119,0,407,156,Ball,blue,Ball,-4.257701112307711,-10.027998453659901
120,1,768,340,Player,red,Defense,2.60169288197623,6.048063061713033
120,2,546,345,Player,red,Defense,-0.17393384226878908,5.960635761546195
120,3,468,186,Player,red,Defense,-2.8338941897863297,-6.765702687808752
120,4,858,172,Player,red,Defense,3.3056199815969096,-7.466862355493412
120,5,404,104,Player,red,Defense,-5.253815791270954,-16.340826279375666
120,6,1078,315,Player,red,Defense,6.627331003367464,4.986072623987267
120,7,865,104,Player,red,Defense,3.1735836230128016,-15.509570134631867
120,9,1050,276,Player,red,Defense,6.306199965417532,2.148386267844802
120,11,1067,196,Player,red,Defense,6.710194104419509,-4.652195022128769
120,14,20,188,Player,red,Defense,-9.699190794301517,-7.383902575383266
120,40,1205,166,Player,red,Defense,9.120919353293539,-7.4369792244862625
120,65,156,104,Player,red,Defense,-9.667170060656082,-16.77614774392375
120,77,132,118,Player,red,Defense,-9.696096876798102,-15.006439072576757
120,0,396,159,Ball,blue,Ball,-4.387759321040114,-9.718586815094808
121,1,765,340,Player,red,Defense,2.5634786469524125,6.042585459101176
121,2,541,344,Player,red,Defense,-0.2437204220465614,5.888838980340952
121,3,457,188,Player,red,Defense,-2.9788671184891706,-6.5870329272060015
121,4,854,171,Player,red,Defense,3.236306360264618,-7.579356792066095
121,5,404,104,Player,red,Defense,-5.253815791270954,-16.340826279375666
121,6,1078,316,Player,red,Defense,6.625512793195556,5.053538845255543
121,7,865,105,Player,red,Defense,3.1776876717486044,-15.375826763531832
121,9,1050,276,Player,red,Defense,6.306199965417532,2.148386267844802
121,11,1066,196,Player,red,Defense,6.694171654413369,-4.654120726353539
121,14,20,188,Player,red,Defense,-9.699190794301517,-7.383902575383266
121,40,1205,166,Player,red,Defense,9.120919353293539,-7.4369792244862625
121,65,156,104,Player,red,Defense,-9.667170060656082,-16.77614774392375
121,77,132,119,Player,red,Defense,-9.668735747123936,-14.88059231831729
122,1,762,340,Player,red,Defense,2.525270451928545,6.037108722258829
122,2,533,343,Player,red,Defense,-0.3512763152131468,5.811468173643288
122,3,443,191,Player,red,Defense,-3.155593650057405,-6.31682873458923
122,4,850,171,Player,red,Defense,3.1704260126486288,-7.586933312387965
122,5,404,104,Player,red,Defense,-5.253815791270954,-16.340826279375666
122,6,1078,316,Player,red,Defense,6.625512793195556,5.053538845255543
122,7,865,104,Player,red,Defense,3.1735836230128016,-15.509570134631867
122,9,1050,276,Player,red,Defense,6.306199965417532,2.148386267844802
122,11,1067,196,Player,red,Defense,6.710194104419509,-4.652195022128769
122,14,20,188,Player,red,Defense,-9.699190794301517,-7.383902575383266
122,40,1205,166,Player,red,Defense,9.120919353293539,-7.4369792244862625
122,65,156,104,Player,red,Defense,-9.667170060656082,-16.77614774392375
122,77,132,119,Player,red,Defense,-9.668735747123936,-14.88059231831729
123,1,758,340,Player,red,Defense,2.4743355849774185,6.029807752866867
123,2,523,343,Player,red,Defense,-0.47658346481482977,5.793458053948797
123,3,438,193,Player,red,Defense,-3.2054079293197923,-6.130282507092311
123,4,846,172,Player,red,Defense,3.1083141887819528,-7.489595951620441
123,5,404,104,Player,red,Defense,-5.253815791270954,-16.340826279375666
123,6,1078,316,Player,red,Defense,6.625512793195556,5.053538845255543
123,7,866,104,Player,red,Defense,3.1921889160174772,-15.50773495827738
123,9,1050,276,Player,red,Defense,6.306199965417532,2.148386267844802
123,11,1067,196,Player,red,Defense,6.710194104419509,-4.652195022128769
123,14,20,187,Player,red,Defense,-9.72345022882025,-7.48313692428498
123,40,1205,166,Player,red,Defense,9.120919353293539,-7.4369792244862625
123,65,156,104,Player,red,Defense,-9.667170060656082,-16.77614774392375
123,77,132,118,Player,red,Defense,-9.696096876798102,-15.006439072576757
123,0,372,173,Ball,blue,Ball,-4.542177296117583,-8.268608701346718
124,1,752,339,Player,red,Defense,2.39410593522657,5.955391813262689
124,2,514,343,Player,red,Defense,-0.5893040399195227,5.777256974791537
124,3,430,194,Player,red,Defense,-3.3150218362293926,-6.0476474607181965
124,4,843,172,Player,red,Defense,3.059012862020308,-7.495276456156753
124,5,404,104,Player,red,Defense,-5.253815791270954,-16.340826279375666
124,6,1078,316,Player,red,Defense,6.625512793195556,5.053538845255543
124,7,865,105,Player,red,Defense,3.1776876717486044,-15.375826763531832
124,9,1050,276,Player,red,Defense,6.306199965417532,2.148386267844802
124,11,1067,196,Player,red,Defense,6.710194104419509,-4.652195022128769
124,14,20,187,Player,red,Defense,-9.72345022882025,-7.48313692428498
124,40,1205,166,Player,red,Defense,9.120919353293539,-7.4369792244862625
124,65,156,105,Player,red,Defense,-9.639121045737115,-16.64357278843605
124,77,132,116,Player,red,Defense,-9.751120184464034,-15.259517244451926
124,0,364,182,Ball,blue,Ball,-4.521299898827985,-7.359374867420885
125,1,746,340,Player,red,Defense,2.321595361596015,6.007914072514298
125,2,507,343,Player,red,Defense,-0.6769390367645353,5.764661390360628
125,3,418,194,Player,red,Defense,-3.500009327370876,-6.069806911328748
125,4,838,173,Player,red,Defense,2.9808265858201213,-7.400188964804798
125,5,404,104,Player,red,Defense,-5.253815791270954,-16.340826279375666
125,6,1078,316,Player,red,Defense,6.625512793195556,5.053538845255543
125,7,865,105,Player,red,Defense,3.1776876717486044,-15.375826763531832
125,9,1050,276,Player,red,Defense,6.306199965417532,2.148386267844802
125,11,1067,196,Player,red,Defense,6.710194104419509,-4.652195022128769
125,14,20,187,Player,red,Defense,-9.72345022882025,-7.48313692428498
125,40,1205,166,Player,red,Defense,9.120919353293539,-7.4369792244862625
125,65,157,105,Player,red,Defense,-9.621521700520471,-16.641831988488796
125,77,132,115,Player,red,Defense,-9.778783468606418,-15.386753749776627
125,0,357,188,Ball,blue,Ball,-4.533556969712832,-6.771381957778495
126,1,740,343,Player,red,Defense,2.2573420622423606,6.1863991282181985
126,2,498,345,Player,red,Defense,-0.7736702501259722,5.874282680099104
126,3,410,194,Player,red,Defense,-3.6232547296862276,-6.084570344189705
126,4,834,173,Player,red,Defense,2.9152405426553876,-7.407759905245583
126,5,404,104,Player,red,Defense,-5.253815791270954,-16.340826279375666
126,6,1079,316,Player,red,Defense,6.638891895269324,5.055413476915648
126,7,865,105,Player,red,Defense,3.1776876717486044,-15.375826763531832
126,9,1050,276,Player,red,Defense,6.306199965417532,2.148386267844802
126,11,1067,196,Player,red,Defense,6.710194104419509,-4.652195022128769
126,14,20,187,Player,red,Defense,-9.72345022882025,-7.48313692428498
126,40,1205,166,Player,red,Defense,9.120919353293539,-7.4369792244862625
126,65,157,105,Player,red,Defense,-9.621521700520471,-16.641831988488796
126,77,132,115,Player,red,Defense,-9.778783468606418,-15.386753749776627
126,0,347,186,Ball,blue,Ball,-4.721184853857679,-6.988717030667302
127,1,734,344,Player,red,Defense,2.1854363760560402,6.238289203800059
127,2,488,346,Player,red,Defense,-0.8903500510738628,5.9189854064280185
127,3,400,195,Player,red,Defense,-3.7625466264642187,-6.00591702779233
127,4,828,173,Player,red,Defense,2.816894806453562,-7.419112468618234
127,5,404,104,Player,red,Defense,-5.253815791270954,-16.340826279375666
127,6,1079,316,Player,red,Defense,6.638891895269324,5.055413476915648
127,7,864,106,Player,red,Defense,3.163243234198705,-15.24443530180653
127,9,1050,276,Player,red,Defense,6.306199965417532,2.148386267844802
127,14,20,187,Player,red,Defense,-9.72345022882025,-7.48313692428498
127,40,1205,166,Player,red,Defense,9.120919353293539,-7.4369792244862625
127,65,158,105,Player,red,Defense,-9.603921040786009,-16.640091058518955
127,77,132,117,Player,red,Defense,-9.723558172227943,-15.13274653644105
127,0,341,176,Ball,blue,Ball,-4.982739949558998,-8.0144041288489
128,1,727,346,Player,red,Defense,2.1053112344410456,6.350699689717375
128,2,480,348,Player,red,Defense,-0.9736342822501752,6.0294822669015895
128,3,388,195,Player,red,Defense,-3.9468838141671596,-6.028035411535666
128,4,822,173,Player,red,Defense,2.7185890428318746,-7.430460417746623
128,5,404,104,Player,red,Defense,-5.253815791270954,-16.340826279375666
128,6,1079,316,Player,red,Defense,6.638891895269324,5.055413476915648
128,7,864,105,Player,red,Defense,3.159119446980688,-15.377663398037184
128,9,1050,276,Player,red,Defense,6.306199965417532,2.148386267844802
128,14,20,187,Player,red,Defense,-9.72345022882025,-7.48313692428498
128,40,1205,166,Player,red,Defense,9.120919353293539,-7.4369792244862625
128,77,132,118,Player,red,Defense,-9.696096876798102,-15.006439072576757
128,0,334,170,Ball,blue,Ball,-5.198011591145189,-8.652379350593087
129,1,720,348,Player,red,Defense,2.0256339309854203,6.4624818871338245
129,2,476,349,Player,red,Defense,-1.0151015500032614,6.084498718808709
129,3,380,195,Player,red,Defense,-4.069696165286827,-6.042771508708116
129,4,817,173,Player,red,Defense,2.6366980901780037,-7.439913519279588
129,5,404,104,Player,red,Defense,-5.253815791270954,-16.340826279375666
129,6,1079,316,Player,red,Defense,6.638891895269324,5.055413476915648
129,7,864,105,Player,red,Defense,3.159119446980688,-15.377663398037184
129,9,1050,276,Player,red,Defense,6.306199965417532,2.148386267844802
129,14,20,187,Player,red,Defense,-9.72345022882025,-7.48313692428498
129,40,1205,166,Player,red,Defense,9.120919353293539,-7.4369792244862625
129,77,132,121,Player,red,Defense,-9.61431180086701,-14.630270892557862
129,0,325,160,Ball,blue,Ball,-5.523212808590275,-9.739192085603047
130,1,714,350,Player,red,Defense,1.9589389929855758,6.575454362784045
130,2,476,350,Player,red,Defense,-1.006917846744339,6.146525258154771
130,3,375,196,Player,red,Defense,-4.131186781081767,-5.955197557044523
130,4,813,173,Player,red,Defense,2.571205292693415,-7.447473695883182
130,5,404,104,Player,red,Defense,-5.253815791270954,-16.340826279375666
130,6,1078,316,Player,red,Defense,6.625512793195556,5.053538845255543
130,7,864,105,Player,red,Defense,3.159119446980688,-15.377663398037184
130,9,1050,276,Player,red,Defense,6.306199965417532,2.148386267844802
130,14,20,187,Player,red,Defense,-9.72345022882025,-7.48313692428498
130,40,1205,166,Player,red,Defense,9.120919353293539,-7.4369792244862625
130,65,156,106,Player,red,Defense,-9.61117691859135,-16.51149358981909
130,77,132,113,Player,red,Defense,-9.834416093481725,-15.642634459194197
130,0,318,156,Ball,blue,Ball,-5.711753743439889,-10.190380104878692
131,1,710,352,Player,red,Defense,1.9176173298022883,6.691427479594727
131,2,473,350,Player,red,Defense,-1.0440700985371523,6.141152213211069
131,3,368,196,Player,red,Defense,-4.238391572966772,-5.968082273212744
131,4,811,173,Player,red,Defense,2.538465546352076,-7.451253016263497
131,5,404,104,Player,red,Defense,-5.253815791270954,-16.340826279375666
131,6,1078,316,Player,red,Defense,6.625512793195556,5.053538845255543
131,7,864,105,Player,red,Defense,3.159119446980688,-15.377663398037184
131,9,1050,276,Player,red,Defense,6.306199965417532,2.148386267844802
131,14,20,187,Player,red,Defense,-9.72345022882025,-7.48313692428498
131,40,1205,166,Player,red,Defense,9.120919353293539,-7.4369792244862625
131,65,156,105,Player,red,Defense,-9.639121045737115,-16.64357278843605
131,77,132,109,Player,red,Defense,-9.946921488809098,-16.160099893086592
131,0,312,150,Ball,blue,Ball,-5.925306210505959,-10.870343849386947
132,1,708,354,Player,red,Defense,1.9014574298084674,6.810394953734668
132,2,470,351,Player,red,Defense,-1.0729592731016113,6.1976504767523615
132,3,362,196,Player,red,Defense,-4.330243030558798,-5.979121704752151
132,4,809,173,Player,red,Defense,2.5057302337435243,-7.455031824834815
132,5,404,104,Player,red,Defense,-5.253815791270954,-16.340826279375666
132,6,1078,316,Player,red,Defense,6.625512793195556,5.053538845255543
132,7,864,105,Player,red,Defense,3.159119446980688,-15.377663398037184
132,9,1050,276,Player,red,Defense,6.306199965417532,2.148386267844802
132,14,20,187,Player,red,Defense,-9.72345022882025,-7.48313692428498
132,40,1205,166,Player,red,Defense,9.120919353293539,-7.4369792244862625
132,65,156,105,Player,red,Defense,-9.639121045737115,-16.64357278843605
132,77,132,107,Player,red,Defense,-10.00380350860795,-16.421727159674454
132,0,304,142,Ball,blue,Ball,-6.216922436076883,-11.798867239553275
133,1,708,355,Player,red,Defense,1.9058633143914867,6.871452125951354
133,2,468,351,Player,red,Defense,-1.097688830191402,6.19407090368632
133,3,356,197,Player,red,Defense,-4.406414631022484,-5.893690717897945
133,4,807,173,Player,red,Defense,2.4729993539671686,-7.458810121701099
133,5,404,104,Player,red,Defense,-5.253815791270954,-16.340826279375666
133,6,1078,316,Player,red,Defense,6.625512793195556,5.053538845255543
133,7,864,105,Player,red,Defense,3.159119446980688,-15.377663398037184
133,9,1050,276,Player,red,Defense,6.306199965417532,2.148386267844802
133,14,20,187,Player,red,Defense,-9.72345022882025,-7.48313692428498
133,40,1205,166,Player,red,Defense,9.120919353293539,-7.4369792244862625
133,65,156,105,Player,red,Defense,-9.639121045737115,-16.64357278843605
133,77,132,106,Player,red,Defense,-10.032403906352346,-16.55327389292432
133,0,296,138,Ball,blue,Ball,-6.432858507222104,-12.280018398230991
134,1,706,355,Player,red,Defense,1.880956266291108,6.867834345250831
134,2,464,351,Player,red,Defense,-1.1471402982127525,6.186912864326267
134,3,349,197,Player,red,Defense,-4.513320034209014,-5.906560671776983
134,4,804,174,Player,red,Defense,2.428797704977961,-7.360289791886206
134,5,404,104,Player,red,Defense,-5.253815791270954,-16.340826279375666
134,6,1078,316,Player,red,Defense,6.625512793195556,5.053538845255543
134,7,864,105,Player,red,Defense,3.159119446980688,-15.377663398037184
134,9,1050,276,Player,red,Defense,6.306199965417532,2.148386267844802
134,14,20,187,Player,red,Defense,-9.72345022882025,-7.48313692428498
134,40,1205,166,Player,red,Defense,9.120919353293539,-7.4369792244862625
134,65,156,105,Player,red,Defense,-9.639121045737115,-16.64357278843605
134,77,132,106,Player,red,Defense,-10.032403906352346,-16.55327389292432
134,0,290,135,Ball,blue,Ball,-6.596750205028303,-12.645203704599185
135,1,703,355,Player,red,Defense,1.8436005120490777,6.862408374007443
135,2,462,350,Player,red,Defense,-1.1802458212700457,6.1214581639091525
135,3,342,197,Player,red,Defense,-4.620177479117384,-5.919424852132796
135,4,800,174,Player,red,Defense,2.3634727779801317,-7.3678445952304035
135,5,404,104,Player,red,Defense,-5.253815791270954,-16.340826279375666
135,6,1078,316,Player,red,Defense,6.625512793195556,5.053538845255543
135,7,864,105,Player,red,Defense,3.159119446980688,-15.377663398037184
135,9,1050,276,Player,red,Defense,6.306199965417532,2.148386267844802
135,14,20,187,Player,red,Defense,-9.72345022882025,-7.48313692428498
135,40,1205,166,Player,red,Defense,9.120919353293539,-7.4369792244862625
135,65,157,106,Player,red,Defense,-9.59360943889944,-16.50975112163056
135,77,132,106,Player,red,Defense,-10.032403906352346,-16.55327389292432
136,1,700,355,Player,red,Defense,1.8062505381044844,6.856983242359677
136,2,461,350,Player,red,Defense,-1.192621600105334,6.11966835003014
136,3,336,197,Player,red,Defense,-4.7117314283363125,-5.930446700128968
136,4,795,174,Player,red,Defense,2.2818414461776113,-7.377285228183787
136,5,404,104,Player,red,Defense,-5.253815791270954,-16.340826279375666
136,6,1080,316,Player,red,Defense,6.652271731666734,5.057288211466541
136,7,864,105,Player,red,Defense,3.159119446980688,-15.377663398037184
136,9,1050,276,Player,red,Defense,6.306199965417532,2.148386267844802
136,14,20,187,Player,red,Defense,-9.72345022882025,-7.48313692428498
136,40,1205,166,Player,red,Defense,9.120919353293539,-7.4369792244862625
136,65,157,105,Player,red,Defense,-9.621521700520471,-16.641831988488796
136,77,132,105,Player,red,Defense,-10.061111358132075,-16.685313018229515
136,0,278,129,Ball,blue,Ball,-6.929633345748397,-13.386937626182101
137,1,696,354,Player,red,Defense,1.7518615329337712,6.788684677510795
137,2,461,348,Player,red,Defense,-1.2094857649216573,5.995432760432881
137,3,332,197,Player,red,Defense,-4.7727478428700545,-5.937792245045378
137,4,792,174,Player,red,Defense,2.232875882766066,-7.382948077255541
137,5,404,104,Player,red,Defense,-5.253815791270954,-16.340826279375666
137,6,1079,316,Player,red,Defense,6.638891895269324,5.055413476915648
137,7,864,105,Player,red,Defense,3.159119446980688,-15.377663398037184
137,9,1050,276,Player,red,Defense,6.306199965417532,2.148386267844802
137,14,20,187,Player,red,Defense,-9.72345022882025,-7.48313692428498
137,40,1205,166,Player,red,Defense,9.120919353293539,-7.4369792244862625
137,65,157,106,Player,red,Defense,-9.59360943889944,-16.50975112163056
137,77,132,105,Player,red,Defense,-10.061111358132075,-16.685313018229515
137,0,270,128,Ball,blue,Ball,-7.088004201004477,-13.522787930364233
138,1,692,354,Player,red,Defense,1.7020168323204479,6.78145090812795
138,2,461,349,Player,red,Defense,-1.2010427567077993,6.057631043884657
138,3,330,198,Player,red,Defense,-4.787032324943192,-5.845311216618609
138,4,789,174,Player,red,Defense,2.1839202424188873,-7.388609778728614
138,5,404,104,Player,red,Defense,-5.253815791270954,-16.340826279375666
138,6,1078,316,Player,red,Defense,6.625512793195556,5.053538845255543
138,7,864,105,Player,red,Defense,3.159119446980688,-15.377663398037184
138,8,132,139,Player,red,Defense,-9.141733688332272,-12.45666101954463
138,9,1050,276,Player,red,Defense,6.306199965417532,2.148386267844802
138,14,20,188,Player,red,Defense,-9.699190794301517,-7.383902575383266
138,40,1205,166,Player,red,Defense,9.120919353293539,-7.4369792244862625
138,65,156,105,Player,red,Defense,-9.639121045737115,-16.64357278843605
138,77,132,105,Player,red,Defense,-10.061111358132075,-16.685313018229515
138,0,265,128,Ball,blue,Ball,-7.17315202963621,-13.531725607328182
139,1,688,353,Player,red,Defense,1.6474441769693233,6.712987781309384
139,2,460,349,Player,red,Defense,-1.2134337140965563,6.055840605815446
139,3,327,198,Player,red,Defense,-4.832706691580714,-5.850818824620729
139,4,786,174,Player,red,Defense,2.134974522119962,-7.394270332951826
139,5,404,104,Player,red,Defense,-5.253815791270954,-16.340826279375666
139,6,1078,316,Player,red,Defense,6.625512793195556,5.053538845255543
139,7,864,105,Player,red,Defense,3.159119446980688,-15.377663398037184
139,8,132,140,Player,red,Defense,-9.116355543231522,-12.33993494762843
139,9,1050,276,Player,red,Defense,6.306199965417532,2.148386267844802
139,14,20,188,Player,red,Defense,-9.699190794301517,-7.383902575383266
139,40,1206,166,Player,red,Defense,9.137941004991553,-7.435040224104061
139,65,156,105,Player,red,Defense,-9.639121045737115,-16.64357278843605
139,77,132,109,Player,red,Defense,-9.946921488809098,-16.160099893086592
139,0,260,128,Ball,blue,Ball,-7.258269261062985,-13.540660072607954
140,1,684,353,Player,red,Defense,1.5975559542255378,6.705753954833856
140,2,460,349,Player,red,Defense,-1.2134337140965563,6.055840605815446
140,3,322,199,Player,red,Defense,-4.892454388449869,-5.764151690895701
140,4,782,175,Player,red,Defense,2.0752023912178563,-7.297988549330819
140,5,404,104,Player,red,Defense,-5.253815791270954,-16.340826279375666
140,6,1079,316,Player,red,Defense,6.638891895269324,5.055413476915648
140,7,864,105,Player,red,Defense,3.159119446980688,-15.377663398037184
140,8,132,142,Player,red,Defense,-9.06586577557253,-12.107708666810858
140,9,1050,276,Player,red,Defense,6.306199965417532,2.148386267844802
140,11,1068,195,Player,red,Defense,6.728561737622744,-4.747102332931318
140,14,20,188,Player,red,Defense,-9.699190794301517,-7.383902575383266
140,40,1206,166,Player,red,Defense,9.137941004991553,-7.435040224104061
140,65,156,105,Player,red,Defense,-9.639121045737115,-16.64357278843605
140,77,132,113,Player,red,Defense,-9.834416093481725,-15.642634459194197
141,1,679,355,Player,red,Defense,1.5449624561843007,6.819030813142131
141,2,460,348,Player,red,Defense,-1.2218925798466842,5.993641608135423
141,3,319,200,Player,red,Defense,-4.92165809172474,-5.674119488110683
141,4,778,175,Player,red,Defense,2.010084028781869,-7.305533376654521
141,5,403,103,Player,red,Defense,-5.291853399887906,-16.476092237935028
141,6,1078,316,Player,red,Defense,6.625512793195556,5.053538845255543
141,7,864,105,Player,red,Defense,3.159119446980688,-15.377663398037184
141,8,132,143,Player,red,Defense,-9.040753221633517,-11.992204174049572
141,9,1050,276,Player,red,Defense,6.306199965417532,2.148386267844802
141,11,1067,196,Player,red,Defense,6.710194104419509,-4.652195022128769
141,14,20,188,Player,red,Defense,-9.699190794301517,-7.383902575383266
141,40,1206,166,Player,red,Defense,9.137941004991553,-7.435040224104061
141,65,156,105,Player,red,Defense,-9.639121045737115,-16.64357278843605
141,77,132,116,Player,red,Defense,-9.751120184464034,-15.259517244451926
142,1,674,356,Player,red,Defense,1.487729587544249,6.87092599140004
142,2,459,348,Player,red,Defense,-1.234298753019945,5.9918505484866555
142,3,314,201,Player,red,Defense,-4.981043820071487,-5.588061058162303
142,4,776,175,Player,red,Defense,1.977531431763721,-7.309305027449357
142,5,402,103,Player,red,Defense,-5.309847136565856,-16.477862116552526
142,6,1078,316,Player,red,Defense,6.625512793195556,5.053538845255543
142,7,864,105,Player,red,Defense,3.159119446980688,-15.377663398037184
142,8,132,145,Player,red,Defense,-8.99079046941034,-11.762401886058012
142,11,1068,195,Player,red,Defense,6.728561737622744,-4.747102332931318
142,14,20,188,Player,red,Defense,-9.699190794301517,-7.383902575383266
142,40,1206,166,Player,red,Defense,9.137941004991553,-7.435040224104061
142,65,156,104,Player,red,Defense,-9.667170060656082,-16.77614774392375
142,77,132,117,Player,red,Defense,-9.723558172227943,-15.13274653644105
143,1,669,358,Player,red,Defense,1.4356496854690441,6.983289626498216
143,2,459,347,Player,red,Defense,-1.2427954926878613,5.929489236707014
143,3,310,201,Player,red,Defense,-5.041593873116436,-5.595398144113465
143,4,775,175,Player,red,Defense,1.9612567789162783,-7.311190662175013
143,5,401,103,Player,red,Defense,-5.32783951181248,-16.479631861258525
143,6,1077,316,Player,red,Defense,6.6121344253849825,5.051664316477757
143,7,864,105,Player,red,Defense,3.159119446980688,-15.377663398037184
143,8,132,146,Player,red,Defense,-8.96593935908764,-11.648099895931903
143,9,1047,275,Player,red,Defense,6.265186364194035,2.067111412107507
143,11,1068,194,Player,red,Defense,6.73091362138545,-4.844255765224931
143,14,20,188,Player,red,Defense,-9.699190794301517,-7.383902575383266
143,40,1206,166,Player,red,Defense,9.137941004991553,-7.435040224104061
143,65,156,104,Player,red,Defense,-9.667170060656082,-16.77614774392375
143,77,132,120,Player,red,Defense,-9.6414742361675,-14.755203757576844
144,1,666,360,Player,red,Defense,1.4085455147185204,7.098649613409205
144,2,459,346,Player,red,Defense,-1.251314336306611,5.866965694304415
144,3,304,201,Player,red,Defense,-5.132390070289528,-5.606400273247906
144,4,772,175,Player,red,Defense,1.9124394016894795,-7.316846803819151
144,5,400,103,Player,red,Defense,-5.345830525782289,-16.48140147206823
144,6,1077,316,Player,red,Defense,6.6121344253849825,5.051664316477757
144,7,864,105,Player,red,Defense,3.159119446980688,-15.377663398037184
144,9,1046,275,Player,red,Defense,6.251031046820584,2.0652133259390135
144,11,1067,195,Player,red,Defense,6.712511701960744,-4.749028156213588
144,14,20,188,Player,red,Defense,-9.699190794301517,-7.383902575383266
144,40,1206,166,Player,red,Defense,9.137941004991553,-7.435040224104061
144,65,156,104,Player,red,Defense,-9.667170060656082,-16.77614774392375
144,77,133,121,Player,red,Defense,-9.597238562732205,-14.62850928635785
144,0,230,139,Ball,blue,Ball,-7.514390037049828,-12.281423165686256
145,1,664,361,Player,red,Defense,1.3888815022947243,7.155200886570355
145,2,458,345,Player,red,Defense,-1.2723087087611957,5.802486192730549
145,3,300,201,Player,red,Defense,-5.1929016220465805,-5.613732693847938
145,4,770,176,Player,red,Defense,1.8856822578877144,-7.217143666500539
145,5,400,104,Player,red,Defense,-5.325654724831091,-16.347912279696537
145,6,1076,316,Player,red,Defense,6.598756791777161,5.049789890573818
145,7,864,105,Player,red,Defense,3.159119446980688,-15.377663398037184
145,9,1040,275,Player,red,Defense,6.166116413901241,2.053827124839122
145,11,1066,196,Player,red,Defense,6.694171654413369,-4.654120726353539
145,14,20,189,Player,red,Defense,-9.675009546693005,-7.284988053686197
145,40,1206,166,Player,red,Defense,9.137941004991553,-7.435040224104061
145,65,157,105,Player,red,Defense,-9.621521700520471,-16.641831988488796
145,77,133,122,Player,red,Defense,-9.5702046545419,-14.504028331550566
146,1,662,362,Player,red,Defense,1.3692698702247539,7.211601520297716
146,2,458,343,Player,red,Defense,-1.28948977186089,5.67662082688838
146,3,295,201,Player,red,Defense,-5.268519419914888,-5.6228955971733185
146,4,768,176,Player,red,Defense,1.8532017183289542,-7.220913884638537
146,5,399,105,Player,red,Defense,-5.3234783626682445,-16.216700625718712
146,6,1076,316,Player,red,Defense,6.598756791777161,5.049789890573818
146,7,864,105,Player,red,Defense,3.159119446980688,-15.377663398037184
146,9,1038,274,Player,red,Defense,6.139031297850448,1.9742252330188763
146,11,1066,197,Player,red,Defense,6.691888126190836,-4.557606288454168
146,14,20,188,Player,red,Defense,-9.699190794301517,-7.383902575383266
146,40,1206,166,Player,red,Defense,9.137941004991553,-7.435040224104061
146,65,158,106,Player,red,Defense,-9.576040649523302,-16.50800852353819
146,77,133,122,Player,red,Defense,-9.5702046545419,-14.504028331550566
146,0,220,148,Ball,blue,Ball,-7.477876824121301,-11.262684864631728
147,1,660,363,Player,red,Defense,1.3497104094933798,7.267852115693295
147,2,458,343,Player,red,Defense,-1.28948977186089,5.67662082688838
147,3,292,201,Player,red,Defense,-5.31387856073047,-5.628391941075572
147,4,765,175,Player,red,Defense,1.7985705649397115,-7.330040021195774
147,5,396,104,Player,red,Defense,-5.397471961931082,-16.35499613993659
147,6,1076,317,Player,red,Defense,6.596980457870872,5.117072093040519
147,7,864,105,Player,red,Defense,3.159119446980688,-15.377663398037184
147,9,1036,275,Player,red,Defense,6.109523102243421,2.0462385290307075
147,11,1066,198,Player,red,Defense,6.689612100964392,-4.461408968356581
147,14,20,188,Player,red,Defense,-9.699190794301517,-7.383902575383266
147,40,1206,166,Player,red,Defense,9.137941004991553,-7.435040224104061
147,65,158,106,Player,red,Defense,-9.576040649523302,-16.50800852353819
147,77,133,122,Player,red,Defense,-9.5702046545419,-14.504028331550566
148,1,658,364,Player,red,Defense,1.3302029121959518,7.32395327066522
148,2,458,342,Player,red,Defense,-1.298113999777027,5.613441290472493
148,3,289,202,Player,red,Defense,-5.3422505052247375,-5.538961130971723
148,4,762,175,Player,red,Defense,1.7497860748923626,-7.335692352423298
148,5,392,105,Player,red,Defense,-5.448902641091983,-16.229106688249804
148,6,1076,316,Player,red,Defense,6.598756791777161,5.049789890573818
148,7,864,105,Player,red,Defense,3.159119446980688,-15.377663398037184
148,9,1034,274,Player,red,Defense,6.08236185246372,1.9666352677147378
148,11,1066,197,Player,red,Defense,6.691888126190836,-4.557606288454168
148,14,20,188,Player,red,Defense,-9.699190794301517,-7.383902575383266
148,40,1206,166,Player,red,Defense,9.137941004991553,-7.435040224104061
148,65,158,106,Player,red,Defense,-9.576040649523302,-16.50800852353819
148,77,133,124,Player,red,Defense,-9.516429996117681,-14.256416303797842
