{
  "1": {
    "total_frames": 413,
    "stationary_frames": 297,
    "walking_frames": 112,
    "running_frames": 3,
    "dominant_direction": "N",
    "movement_variability": 0.34585678352281024,
    "avg_acceleration": 0.09106169116542909,
    "position_heat_map": {
      "most_occupied_region": [
        0,
        6
      ],
      "position_spread": [
        0.7278820371145798,
        2.98844358774949
      ],
      "center_of_activity": [
        0.3798039943000106,
        8.933271221130553
      ]
    }
  },
  "2": {
    "total_frames": 409,
    "stationary_frames": 251,
    "walking_frames": 153,
    "running_frames": 4,
    "dominant_direction": "S",
    "movement_variability": 0.22950186073056147,
    "avg_acceleration": 0.08819222716647851,
    "position_heat_map": {
      "most_occupied_region": [
        4,
        18
      ],
      "position_spread": [
        1.2468004983880012,
        3.036992033017938
      ],
      "center_of_activity": [
        4.624456461098621,
        14.198818075375407
      ]
    }
  },
  "3": {
    "total_frames": 413,
    "stationary_frames": 184,
    "walking_frames": 224,
    "running_frames": 4,
    "dominant_direction": "E",
    "movement_variability": 0.5340099095966507,
    "avg_acceleration": 0.1697482782228301,
    "position_heat_map": {
      "most_occupied_region": [
        1,
        0
      ],
      "position_spread": [
        1.6374041370200343,
        5.4596194868841925
      ],
      "center_of_activity": [
        1.2184358229982908,
        -7.092433317112817
      ]
    }
  },
  "4": {
    "total_frames": 413,
    "stationary_frames": 245,
    "walking_frames": 165,
    "running_frames": 2,
    "dominant_direction": "E",
    "movement_variability": 0.13733257172575827,
    "avg_acceleration": 0.07985564629647098,
    "position_heat_map": {
      "most_occupied_region": [
        0,
        0
      ],
      "position_spread": [
        0.5242969532737061,
        2.2264497575062028
      ],
      "center_of_activity": [
        -5.0318407319373675,
        -18.378391054024366
      ]
    }
  },
  "5": {
    "total_frames": 407,
    "stationary_frames": 248,
    "walking_frames": 156,
    "running_frames": 2,
    "dominant_direction": "S",
    "movement_variability": 0.2135030601569838,
    "avg_acceleration": 0.09086888182522693,
    "position_heat_map": {
      "most_occupied_region": [
        1,
        0
      ],
      "position_spread": [
        1.4892913218273884,
        2.7173848236278704
      ],
      "center_of_activity": [
        0.6896614721066507,
        -3.8626449683212063
      ]
    }
  },
  "6": {
    "total_frames": 409,
    "stationary_frames": 239,
    "walking_frames": 166,
    "running_frames": 3,
    "dominant_direction": "E",
    "movement_variability": 0.2049906666659328,
    "avg_acceleration": 0.10084609797187309,
    "position_heat_map": {
      "most_occupied_region": [
        0,
        0
      ],
      "position_spread": [
        0.19095633160557482,
        2.6484550416302204
      ],
      "center_of_activity": [
        3.7484295964201557,
        -21.676411579459668
      ]
    }
  },
  "7": {
    "total_frames": 411,
    "stationary_frames": 374,
    "walking_frames": 36,
    "running_frames": 0,
    "dominant_direction": "E",
    "movement_variability": 0.059926729788583724,
    "avg_acceleration": 0.042270122107589694,
    "position_heat_map": {
      "most_occupied_region": [
        6,
        2
      ],
      "position_spread": [
        0.33439426985185405,
        1.0503095353281224
      ],
      "center_of_activity": [
        7.498900325917246,
        1.7334899100386745
      ]
    }
  },
  "8": {
    "total_frames": 17,
    "stationary_frames": 2,
    "walking_frames": 14,
    "running_frames": 0,
    "dominant_direction": "S",
    "movement_variability": 0.12330995522720391,
    "avg_acceleration": 0.14210397705716504,
    "position_heat_map": {
      "most_occupied_region": [
        0,
        0
      ],
      "position_spread": [
        0.356984365434304,
        1.0919322603413066
      ],
      "center_of_activity": [
        10.890879647519904,
        -12.252092771038022
      ]
    }
  },
  "11": {
    "total_frames": 37,
    "stationary_frames": 10,
    "walking_frames": 25,
    "running_frames": 1,
    "dominant_direction": "S",
    "movement_variability": 0.23644203214544357,
    "avg_acceleration": 0.18238698587973712,
    "position_heat_map": {
      "most_occupied_region": [
        0,
        0
      ],
      "position_spread": [
        0.4396729736418001,
        1.699009366368303
      ],
      "center_of_activity": [
        7.576626434268599,
        -11.00868631537342
      ]
    }
  },
  "15": {
    "total_frames": 268,
    "stationary_frames": 66,
    "walking_frames": 173,
    "running_frames": 28,
    "dominant_direction": "S",
    "movement_variability": 0.7240262803826529,
    "avg_acceleration": 0.42978272953052754,
    "position_heat_map": {
      "most_occupied_region": [
        0,
        0
      ],
      "position_spread": [
        0.9319771827055121,
        2.4810416554636205
      ],
      "center_of_activity": [
        -9.855644904722629,
        -16.7179018037411
      ]
    }
  },
  "19": {
    "total_frames": 20,
    "stationary_frames": 4,
    "walking_frames": 14,
    "running_frames": 1,
    "dominant_direction": "S",
    "movement_variability": 0.30267856982604385,
    "avg_acceleration": 0.23315587001955995,
    "position_heat_map": {
      "most_occupied_region": [
        0,
        0
      ],
      "position_spread": [
        0.6535163024345484,
        1.7241886051354656
      ],
      "center_of_activity": [
        10.954776139571388,
        -12.842075981101212
      ]
    }
  },
  "20": {
    "total_frames": 305,
    "stationary_frames": 164,
    "walking_frames": 140,
    "running_frames": 0,
    "dominant_direction": "E",
    "movement_variability": 0.10823717127566543,
    "avg_acceleration": 0.0741150755510909,
    "position_heat_map": {
      "most_occupied_region": [
        0,
        0
      ],
      "position_spread": [
        0.4296404734481,
        1.1071064121812006
      ],
      "center_of_activity": [
        -8.730832646211331,
        -5.444697904880122
      ]
    }
  },
  "22": {
    "total_frames": 16,
    "stationary_frames": 6,
    "walking_frames": 8,
    "running_frames": 1,
    "dominant_direction": "E",
    "movement_variability": 0.8443111899147046,
    "avg_acceleration": 0.557146854456323,
    "position_heat_map": {
      "most_occupied_region": [
        8,
        5
      ],
      "position_spread": [
        0.12934860656097905,
        2.033403133324636
      ],
      "center_of_activity": [
        9.468629233903087,
        4.046337934722581
      ]
    }
  },
  "34": {
    "total_frames": 68,
    "stationary_frames": 64,
    "walking_frames": 3,
    "running_frames": 0,
    "dominant_direction": "E",
    "movement_variability": 0.09004368249930585,
    "avg_acceleration": 0.05709613861478868,
    "position_heat_map": {
      "most_occupied_region": [
        0,
        0
      ],
      "position_spread": [
        0.05654043090329654,
        0.2577269973975597
      ],
      "center_of_activity": [
        7.521588791820586,
        -3.4225217709068314
      ]
    }
  },
  "77": {
    "total_frames": 153,
    "stationary_frames": 76,
    "walking_frames": 76,
    "running_frames": 0,
    "dominant_direction": "E",
    "movement_variability": 0.12761485279583573,
    "avg_acceleration": 0.09129432478973426,
    "position_heat_map": {
      "most_occupied_region": [
        0,
        0
      ],
      "position_spread": [
        0.5522499260323946,
        0.9218699834011963
      ],
      "center_of_activity": [
        10.656836758200855,
        -11.747200353877101
      ]
    }
  },
  "80": {
    "total_frames": 23,
    "stationary_frames": 14,
    "walking_frames": 7,
    "running_frames": 1,
    "dominant_direction": "W",