{
  "1": {
    "total_frames": 432,
    "stationary_frames": 245,
    "walking_frames": 174,
    "running_frames": 12,
    "dominant_direction": "E",
    "movement_variability": 0.2831646061249208,
    "avg_acceleration": 0.1564426657414563,
    "position_heat_map": {
      "most_occupied_region": [
        9,
        22
      ],
      "position_spread": [
        1.1520408875570824,
        1.6819963168040535
      ],
      "center_of_activity": [
        9.507676776624303,
        23.982491289118578
      ]
    }
  },
  "2": {
    "total_frames": 432,
    "stationary_frames": 363,
    "walking_frames": 60,
    "running_frames": 8,
    "dominant_direction": "E",
    "movement_variability": 0.28890110766321225,
    "avg_acceleration": 0.1254210579587141,
    "position_heat_map": {
      "most_occupied_region": [
        2,
        21
      ],
      "position_spread": [
        1.3723777702077609,
        1.8153837853253805
      ],
      "center_of_activity": [
        3.4363369066329437,
        22.637207312466803
      ]
    }
  },
  "3": {
    "total_frames": 432,
    "stationary_frames": 256,
    "walking_frames": 162,
    "running_frames": 13,
    "dominant_direction": "N",
    "movement_variability": 0.46410227872384285,
    "avg_acceleration": 0.23465420382127608,
    "position_heat_map": {
      "most_occupied_region": [
        6,
        8
      ],
      "position_spread": [
        1.2808003414310412,
        2.910880148328705
      ],
      "center_of_activity": [
        7.762595778868284,
        7.936252656945592
      ]
    }
  },
  "4": {
    "total_frames": 432,
    "stationary_frames": 394,
    "walking_frames": 27,
    "running_frames": 10,
    "dominant_direction": "E",
    "movement_variability": 0.5516762166556713,
    "avg_acceleration": 0.18966771371100127,
    "position_heat_map": {
      "most_occupied_region": [
        0,
        0
      ],
      "position_spread": [
        1.5362909829484215,
        1.9768251463258046
      ],
      "center_of_activity": [
        14.687708244145984,
        12.32774554699496
      ]
    }
  },
  "5": {
    "total_frames": 432,
    "stationary_frames": 296,
    "walking_frames": 122,
    "running_frames": 13,
    "dominant_direction": "E",
    "movement_variability": 0.8060385265792757,
    "avg_acceleration": 0.23314736338282416,
    "position_heat_map": {
      "most_occupied_region": [
        4,
        7
      ],
      "position_spread": [
        3.541788791468254,
        3.354246662197134
      ],
      "center_of_activity": [
        5.8739155462873365,
        5.724954533854259
      ]
    }
  },
  "6": {
    "total_frames": 432,
    "stationary_frames": 290,
    "walking_frames": 130,
    "running_frames": 11,
    "dominant_direction": "E",
    "movement_variability": 0.8872811403436645,
    "avg_acceleration": 0.26989468728430704,
    "position_heat_map": {
      "most_occupied_region": [
        0,
        0
      ],
      "position_spread": [
        2.019599967539182,
        3.6690051126190806
      ],
      "center_of_activity": [
        16.61282722831948,
        0.9811618056205664
      ]
    }
  },
  "7": {
    "total_frames": 431,
    "stationary_frames": 292,
    "walking_frames": 126,
    "running_frames": 12,
    "dominant_direction": "E",
    "movement_variability": 1.071322058632882,
    "avg_acceleration": 0.2874513849126321,
    "position_heat_map": {
      "most_occupied_region": [
        0,
        0
      ],
      "position_spread": [
        1.5113881212114866,
        4.520150362725454
      ],
      "center_of_activity": [
        11.22153939731388,
        -7.647745754834664
      ]
    }
  },
  "8": {
    "total_frames": 432,
    "stationary_frames": 308,
    "walking_frames": 114,
    "running_frames": 9,
    "dominant_direction": "E",
    "movement_variability": 0.6718470294746162,
    "avg_acceleration": 0.20138912069731832,
    "position_heat_map": {
      "most_occupied_region": [
        0,
        0
      ],
      "position_spread": [
        1.609078275933038,
        2.0450668728755423
      ],
      "center_of_activity": [
        -0.41672159869802317,
        -8.3472314945408
      ]
    }
  },
  "9": {
    "total_frames": 329,
    "stationary_frames": 219,
    "walking_frames": 101,
    "running_frames": 8,
    "dominant_direction": "E",
    "movement_variability": 0.668912688310724,
    "avg_acceleration": 0.24951602131240788,
    "position_heat_map": {
      "most_occupied_region": [
        0,
        0
      ],
      "position_spread": [
        3.06833685172029,
        1.1324723802253498
      ],
      "center_of_activity": [
        21.547427981920027,
        -2.98057316188451
      ]
    }
  },
  "10": {
    "total_frames": 430,
    "stationary_frames": 294,
    "walking_frames": 118,
    "running_frames": 17,
    "dominant_direction": "E",
    "movement_variability": 12.886478853058513,
    "avg_acceleration": 1.5161032785360904,
    "position_heat_map": {
      "most_occupied_region": [
        0,
        0
      ],
      "position_spread": [
        23.061855959118596,
        34.186311432752426
      ],
      "center_of_activity": [
        -3.4811368633246693,
        4.139099429465495
      ]
    }
  },
  "11": {
    "total_frames": 424,
    "stationary_frames": 379,
    "walking_frames": 38,
    "running_frames": 6,
    "dominant_direction": "E",
    "movement_variability": 0.26627438851343577,
    "avg_acceleration": 0.10888905865735131,
    "position_heat_map": {
      "most_occupied_region": [
        0,
        0
      ],
      "position_spread": [
        0.9248922509251053,
        0.8331286134100285
      ],
      "center_of_activity": [
        -2.937383947537451,
        11.545259209231817
      ]
    }
  },
  "12": {
    "total_frames": 146,
    "stationary_frames": 116,
    "walking_frames": 27,
    "running_frames": 2,
    "dominant_direction": "E",
    "movement_variability": 0.16975862408738732,
    "avg_acceleration": 0.07726804107685084,
    "position_heat_map": {
      "most_occupied_region": [
        0,
        0
      ],
      "position_spread": [
        0.40292254526625504,
        1.4771794991102212
      ],
      "center_of_activity": [
        -5.471311822659887,
        3.1313567400028384
      ]
    }
  },
  "43": {
    "total_frames": 225,
    "stationary_frames": 125,
    "walking_frames": 91,
    "running_frames": 8,
    "dominant_direction": "E",
    "movement_variability": 0.5381016625017161,
    "avg_acceleration": 0.2836308441566273,
    "position_heat_map": {
      "most_occupied_region": [
        0,
        0
      ],
      "position_spread": [
        1.9659338122229977,
        1.479122344725646
      ],
      "center_of_activity": [
        12.713059086760389,
        -10.722150434610834
      ]
    }
  },
  "50": {
    "total_frames": 37,
    "stationary_frames": 35,
    "walking_frames": 1,
    "running_frames": 0,
    "dominant_direction": "E",
    "movement_variability": 0.09242158962478554,
    "avg_acceleration": 0.056088992496795796,
    "position_heat_map": {
      "most_occupied_region": [
        0,
        0
      ],
      "position_spread": [
        0.1209059475793162,
        0.170089038861324
      ],
      "center_of_activity": [
        -7.972805775411539,
        3.0438583774509707
      ]
    }
  },
  "51": {
    "total_frames": 14,
    "stationary_frames": 13,
    "walking_frames": 0,
    "running_frames": 0,
    "dominant_direction": "E",
    "movement_variability": 0.01214147004426487,
    "avg_acceleration": 0.009565605984057373,
    "position_heat_map": {
      "most_occupied_region": [
        0,
        0
      ],
      "position_spread": [
        0.019969614587748877,
        0.008668565275578823
      ],
      "center_of_activity": [
        12.389160469009934,
        28.176800052579924
      ]
    }
  },
  "63": {
    "total_frames": 185,
    "stationary_frames": 139,
    "walking_frames": 40,
    "running_frames": 5,
    "dominant_direction": "E",