{
  "1": {
    "total_frames": 271,
    "stationary_frames": 100,
    "walking_frames": 155,
    "running_frames": 15,
    "dominant_direction": "E",
    "movement_variability": 0.6762419916201247,
    "avg_acceleration": 0.3154984374774715,
    "position_heat_map": {
      "most_occupied_region": [
        8,
        21
      ],
      "position_spread": [
        2.525413844425014,
        0.9602089233597262
      ],
      "center_of_activity": [
        5.228738101590245,
        24.55632981984924
      ]
    }
  },
  "2": {
    "total_frames": 271,
    "stationary_frames": 245,
    "walking_frames": 17,
    "running_frames": 8,
    "dominant_direction": "E",
    "movement_variability": 1.889632710783106,
    "avg_acceleration": 0.6563420669433989,
    "position_heat_map": {
      "most_occupied_region": [
        0,
        0
      ],
      "position_spread": [
        4.075608905371674,
        5.8014939867235205
      ],
      "center_of_activity": [
        -4.531325683553335,
        12.206820459066698
      ]
    }
  },
  "3": {
    "total_frames": 271,
    "stationary_frames": 117,
    "walking_frames": 136,
    "running_frames": 17,
    "dominant_direction": "N",
    "movement_variability": 1.9375789638568688,
    "avg_acceleration": 0.8328603187728109,
    "position_heat_map": {
      "most_occupied_region": [
        8,
        11
      ],
      "position_spread": [
        2.538552101326003,
        5.737426699940367
      ],
      "center_of_activity": [
        6.574520778214328,
        6.152888143374695
      ]
    }
  },
  "4": {
    "total_frames": 271,
    "stationary_frames": 250,
    "walking_frames": 12,
    "running_frames": 8,
    "dominant_direction": "E",
    "movement_variability": 3.1184098433077776,
    "avg_acceleration": 0.9481634634049159,
    "position_heat_map": {
      "most_occupied_region": [
        0,
        0
      ],
      "position_spread": [
        0.7109427725335711,
        10.463938409381187
      ],
      "center_of_activity": [
        -0.9154827144423641,
        -3.5671863445054903
      ]
    }
  },
  "5": {
    "total_frames": 271,
    "stationary_frames": 242,
    "walking_frames": 19,
    "running_frames": 9,
    "dominant_direction": "E",
    "movement_variability": 2.620624546746309,
    "avg_acceleration": 0.8253243079076398,
    "position_heat_map": {
      "most_occupied_region": [
        0,
        0
      ],
      "position_spread": [
        0.9379428389424199,
        10.048923842693865
      ],
      "center_of_activity": [
        12.238484583281823,
        -4.107667449845908
      ]
    }
  },
  "6": {
    "total_frames": 271,
    "stationary_frames": 190,
    "walking_frames": 65,
    "running_frames": 15,
    "dominant_direction": "E",
    "movement_variability": 4.439808388195214,
    "avg_acceleration": 1.6350580125721705,
    "position_heat_map": {
      "most_occupied_region": [
        0,
        0
      ],
      "position_spread": [
        7.912172302860172,
        13.174909339932709
      ],
      "center_of_activity": [
        18.11875629531175,
        2.37252032258123
      ]
    }
  },
  "7": {
    "total_frames": 270,
    "stationary_frames": 244,
    "walking_frames": 19,
    "running_frames": 6,
    "dominant_direction": "E",
    "movement_variability": 4.63367753992475,
    "avg_acceleration": 1.3532530960331037,
    "position_heat_map": {
      "most_occupied_region": [
        0,
        6
      ],
      "position_spread": [
        0.18349594448791354,
        15.01173700744719
      ],
      "center_of_activity": [
        0.13337232677790056,
        -17.9510092593299
      ]
    }
  },
  "8": {
    "total_frames": 263,
    "stationary_frames": 222,
    "walking_frames": 32,
    "running_frames": 8,
    "dominant_direction": "E",
    "movement_variability": 4.244938218832572,
    "avg_acceleration": 1.4353891312659965,
    "position_heat_map": {
      "most_occupied_region": [
        0,
        4
      ],
      "position_spread": [
        1.2665000433748073,
        13.05108879305946
      ],
      "center_of_activity": [
        2.4681652429530656,
        -15.555289582226202
      ]
    }
  },
  "10": {
    "total_frames": 271,
    "stationary_frames": 246,
    "walking_frames": 10,
    "running_frames": 14,
    "dominant_direction": "E",
    "movement_variability": 29.05885915524989,
    "avg_acceleration": 7.996127406642471,
    "position_heat_map": {
      "most_occupied_region": [
        0,
        0
      ],
      "position_spread": [
        51.71587115753297,
        88.57790547133922
      ],
      "center_of_activity": [
        25.308234013638256,
        53.533779342177844
      ]
    }
  },
  "11": {
    "total_frames": 46,
    "stationary_frames": 41,
    "walking_frames": 3,
    "running_frames": 1,
    "dominant_direction": "E",
    "movement_variability": 0.7429773761469624,
    "avg_acceleration": 0.275821999779627,
    "position_heat_map": {
      "most_occupied_region": [
        0,
        0
      ],
      "position_spread": [
        1.9625158258318522,
        1.6569553147855849
      ],
      "center_of_activity": [
        14.123433800893842,
        11.712689380370712
      ]
    }
  },
  "12": {
    "total_frames": 238,
    "stationary_frames": 216,
    "walking_frames": 2,
    "running_frames": 19,
    "dominant_direction": "E",
    "movement_variability": 9.854037105500216,
    "avg_acceleration": 3.497667464704646,
    "position_heat_map": {
      "most_occupied_region": [
        0,
        0
      ],
      "position_spread": [
        9.482284602844551,
        30.68557106551501
      ],
      "center_of_activity": [
        19.658300791550758,
        -24.962070020340946
      ]
    }
  },
  "14": {
    "total_frames": 176,
    "stationary_frames": 161,
    "walking_frames": 1,
    "running_frames": 13,
    "dominant_direction": "E",
    "movement_variability": 31.889003364473837,
    "avg_acceleration": 11.113007306852166,
    "position_heat_map": {
      "most_occupied_region": [
        0,
        0
      ],
      "position_spread": [
        41.716146762420024,
        100.37074780726992
      ],
      "center_of_activity": [
        -37.634636070432016,
        -81.91917835081495
      ]
    }
  },
  "63": {
    "total_frames": 58,
    "stationary_frames": 54,
    "walking_frames": 0,
    "running_frames": 3,
    "dominant_direction": "E",
    "movement_variability": 20.09242350574465,
    "avg_acceleration": 4.752416694317093,
    "position_heat_map": {
      "most_occupied_region": [
        0,
        0
      ],
      "position_spread": [
        6.636848014200726,
        21.372529023755444
      ],
      "center_of_activity": [
        -3.178572397311429,
        4.216464365408647
      ]
    }
  },
  "70": {
    "total_frames": 53,
    "stationary_frames": 50,
    "walking_frames": 0,
    "running_frames": 2,
    "dominant_direction": "E",
    "movement_variability": 0.3937121610091096,
    "avg_acceleration": 0.1631405622873335,
    "position_heat_map": {
      "most_occupied_region": [
        0,
        0
      ],
      "position_spread": [
        0.9245864912443726,
        0.43603268692005137
      ],
      "center_of_activity": [
        8.627728254636855,
        27.67984892130815
      ]
    }
  },
  "115": {
    "total_frames": 14,
    "stationary_frames": 10,
    "walking_frames": 1,
    "running_frames": 2,
    "dominant_direction": "E",
    "movement_variability": 9.749811618954755,
    "avg_acceleration": 6.8371695623015185,
    "position_heat_map": {
      "most_occupied_region": [
        0,
        0
      ],
      "position_spread": [
        3.1365674956218816,
        11.837248146747305
      ],
      "center_of_activity": [
        -6.821243365471482,
        -2.03959192802191
      ]
    }
  },
  "124": {
    "total_frames": 11,
    "stationary_frames": 9,
    "walking_frames": 0,
    "running_frames": 1,
    "dominant_direction": "E",
    "movement_variability": 27.807284807501585,